-- MariaDB dump 10.19  Distrib 10.4.27-MariaDB, for Win64 (AMD64)
--
-- Host: imc.kean.edu    Database: CPS3740
-- ------------------------------------------------------
-- Server version	10.4.20-MariaDB

/*!40101 SET @OLD_CHARACTER_SET_CLIENT=@@CHARACTER_SET_CLIENT */;
/*!40101 SET @OLD_CHARACTER_SET_RESULTS=@@CHARACTER_SET_RESULTS */;
/*!40101 SET @OLD_COLLATION_CONNECTION=@@COLLATION_CONNECTION */;
/*!40101 SET NAMES utf8mb4 */;
/*!40103 SET @OLD_TIME_ZONE=@@TIME_ZONE */;
/*!40103 SET TIME_ZONE='+00:00' */;
/*!40014 SET @OLD_UNIQUE_CHECKS=@@UNIQUE_CHECKS, UNIQUE_CHECKS=0 */;
/*!40014 SET @OLD_FOREIGN_KEY_CHECKS=@@FOREIGN_KEY_CHECKS, FOREIGN_KEY_CHECKS=0 */;
/*!40101 SET @OLD_SQL_MODE=@@SQL_MODE, SQL_MODE='NO_AUTO_VALUE_ON_ZERO' */;
/*!40111 SET @OLD_SQL_NOTES=@@SQL_NOTES, SQL_NOTES=0 */;

--
-- Table structure for table `Booking`
--

DROP TABLE IF EXISTS `Booking`;
/*!40101 SET @saved_cs_client     = @@character_set_client */;
/*!40101 SET character_set_client = utf8 */;
CREATE TABLE `Booking` (
  `hotelno` varchar(10) NOT NULL DEFAULT '',
  `guestno` decimal(5,0) NOT NULL DEFAULT 0,
  `datefrom` date NOT NULL DEFAULT '0000-00-00',
  `dateto` date DEFAULT NULL,
  `roomno` decimal(5,0) DEFAULT NULL,
  PRIMARY KEY (`hotelno`,`guestno`,`datefrom`),
  KEY `roomno` (`roomno`,`hotelno`),
  KEY `guestno` (`guestno`),
  CONSTRAINT `Booking_ibfk_1` FOREIGN KEY (`roomno`, `hotelno`) REFERENCES `Room` (`roomno`, `hotelno`),
  CONSTRAINT `Booking_ibfk_2` FOREIGN KEY (`guestno`) REFERENCES `Guest` (`guestno`)
) ENGINE=InnoDB DEFAULT CHARSET=latin1;
/*!40101 SET character_set_client = @saved_cs_client */;

--
-- Dumping data for table `Booking`
--

LOCK TABLES `Booking` WRITE;
/*!40000 ALTER TABLE `Booking` DISABLE KEYS */;
INSERT INTO `Booking` VALUES ('ch01',10006,'2004-04-21',NULL,1101),('ch02',10002,'2004-04-25','2004-05-06',801),('dc01',10003,'2004-05-20',NULL,1001),('dc01',10007,'2004-05-13','2004-05-15',1001),('fb01',10001,'2004-04-01','2004-04-08',501),('fb01',10001,'2004-05-01',NULL,701),('fb01',10002,'2004-05-04','2004-05-29',601),('fb01',10004,'2004-04-15',NULL,601),('fb01',10005,'2004-05-02','2004-05-07',501),('fb02',10003,'2004-04-05','2010-04-04',1001),('fb02',10005,'2004-05-01','2030-05-04',1101);
/*!40000 ALTER TABLE `Booking` ENABLE KEYS */;
UNLOCK TABLES;

--
-- Table structure for table `Books`
--

DROP TABLE IF EXISTS `Books`;
/*!40101 SET @saved_cs_client     = @@character_set_client */;
/*!40101 SET character_set_client = utf8 */;
CREATE TABLE `Books` (
  `Book_title` varchar(20) NOT NULL,
  `Author` varchar(15) DEFAULT NULL,
  `Publisher` varchar(15) DEFAULT NULL,
  `Description` varchar(30) DEFAULT NULL,
  `Cost` decimal(6,2) DEFAULT NULL,
  PRIMARY KEY (`Book_title`)
) ENGINE=InnoDB DEFAULT CHARSET=latin1;
/*!40101 SET character_set_client = @saved_cs_client */;

--
-- Dumping data for table `Books`
--

LOCK TABLES `Books` WRITE;
/*!40000 ALTER TABLE `Books` DISABLE KEYS */;
/*!40000 ALTER TABLE `Books` ENABLE KEYS */;
UNLOCK TABLES;

--
-- Table structure for table `Branch`
--

DROP TABLE IF EXISTS `Branch`;
/*!40101 SET @saved_cs_client     = @@character_set_client */;
/*!40101 SET character_set_client = utf8 */;
CREATE TABLE `Branch` (
  `branchNo` char(4) NOT NULL,
  `street` varchar(25) NOT NULL,
  `city` varchar(15) NOT NULL,
  `postcode` varchar(8) NOT NULL,
  PRIMARY KEY (`branchNo`)
) ENGINE=InnoDB DEFAULT CHARSET=latin1;
/*!40101 SET character_set_client = @saved_cs_client */;

--
-- Dumping data for table `Branch`
--

LOCK TABLES `Branch` WRITE;
/*!40000 ALTER TABLE `Branch` DISABLE KEYS */;
INSERT INTO `Branch` VALUES ('B002','56 Cover Drive','London','NW10 6EU'),('B003','163 Main Street','Glasgow','G11 9QX'),('B004','32 Manse Road','Bristol','BS99 1NZ'),('B005','22 Deer Road','London','SW1 4EH'),('B007','16 Argyll Street','Aberdeen','AB2 3SU'),('X001','1 Main Ave','Union','07083');
/*!40000 ALTER TABLE `Branch` ENABLE KEYS */;
UNLOCK TABLES;

--
-- Table structure for table `Building`
--

DROP TABLE IF EXISTS `Building`;
/*!40101 SET @saved_cs_client     = @@character_set_client */;
/*!40101 SET character_set_client = utf8 */;
CREATE TABLE `Building` (
  `BuildingNo` int(11) NOT NULL,
  `Address` varchar(255) DEFAULT NULL,
  `Zipcode` varchar(10) DEFAULT NULL,
  PRIMARY KEY (`BuildingNo`)
) ENGINE=InnoDB DEFAULT CHARSET=latin1;
/*!40101 SET character_set_client = @saved_cs_client */;

--
-- Dumping data for table `Building`
--

LOCK TABLES `Building` WRITE;
/*!40000 ALTER TABLE `Building` DISABLE KEYS */;
INSERT INTO `Building` VALUES (1,'Willis Hall, 1000 Morris Ave, Union, NJ','07081'),(2,'Henings Hall, 1000 Morris Ave, Union, NJ','07081'),(3,'STEM, 1000 Morris Ave, Union, NJ','07081');
/*!40000 ALTER TABLE `Building` ENABLE KEYS */;
UNLOCK TABLES;

--
-- Table structure for table `BuildingRoom`
--

DROP TABLE IF EXISTS `BuildingRoom`;
/*!40101 SET @saved_cs_client     = @@character_set_client */;
/*!40101 SET character_set_client = utf8 */;
CREATE TABLE `BuildingRoom` (
  `BuildingNo` int(11) NOT NULL DEFAULT 0,
  `RoomNo` int(11) NOT NULL DEFAULT 0,
  `capacity` int(11) DEFAULT NULL,
  PRIMARY KEY (`BuildingNo`,`RoomNo`)
) ENGINE=InnoDB DEFAULT CHARSET=latin1;
/*!40101 SET character_set_client = @saved_cs_client */;

--
-- Dumping data for table `BuildingRoom`
--

LOCK TABLES `BuildingRoom` WRITE;
/*!40000 ALTER TABLE `BuildingRoom` DISABLE KEYS */;
INSERT INTO `BuildingRoom` VALUES (1,1,100),(1,2,20),(1,3,30),(2,1,70),(2,2,20);
/*!40000 ALTER TABLE `BuildingRoom` ENABLE KEYS */;
UNLOCK TABLES;

--
-- Table structure for table `Client`
--

DROP TABLE IF EXISTS `Client`;
/*!40101 SET @saved_cs_client     = @@character_set_client */;
/*!40101 SET character_set_client = utf8 */;
CREATE TABLE `Client` (
  `sid` int(11) DEFAULT NULL,
  `major` varchar(5) DEFAULT NULL
) ENGINE=InnoDB DEFAULT CHARSET=latin1;
/*!40101 SET character_set_client = @saved_cs_client */;

--
-- Dumping data for table `Client`
--

LOCK TABLES `Client` WRITE;
/*!40000 ALTER TABLE `Client` DISABLE KEYS */;
INSERT INTO `Client` VALUES (1,'CS'),(2,'CS'),(3,'CS'),(3,'Math'),(4,'Math'),(5,'Math'),(6,'Biolo'),(7,'Biolo'),(8,'Biolo'),(9,'STEM'),(10,'Engli');
/*!40000 ALTER TABLE `Client` ENABLE KEYS */;
UNLOCK TABLES;

--
-- Table structure for table `Course_demo`
--

DROP TABLE IF EXISTS `Course_demo`;
/*!40101 SET @saved_cs_client     = @@character_set_client */;
/*!40101 SET character_set_client = utf8 */;
CREATE TABLE `Course_demo` (
  `id` int(11) NOT NULL DEFAULT 0,
  `name` varchar(255) DEFAULT NULL,
  `s_id` int(11) NOT NULL,
  PRIMARY KEY (`id`,`s_id`)
) ENGINE=InnoDB DEFAULT CHARSET=latin1;
/*!40101 SET character_set_client = @saved_cs_client */;

--
-- Dumping data for table `Course_demo`
--

LOCK TABLES `Course_demo` WRITE;
/*!40000 ALTER TABLE `Course_demo` DISABLE KEYS */;
INSERT INTO `Course_demo` VALUES (2231,'Java',1001),(3500,'Web',0),(3740,'DB',1001);
/*!40000 ALTER TABLE `Course_demo` ENABLE KEYS */;
UNLOCK TABLES;

--
-- Table structure for table `Customers`
--

DROP TABLE IF EXISTS `Customers`;
/*!40101 SET @saved_cs_client     = @@character_set_client */;
/*!40101 SET character_set_client = utf8 */;
CREATE TABLE `Customers` (
  `id` int(11) NOT NULL,
  `name` varchar(100) NOT NULL,
  `login` varchar(100) NOT NULL,
  `password` varchar(255) NOT NULL,
  `DOB` date NOT NULL,
  `gender` char(1) NOT NULL,
  `img` blob DEFAULT NULL,
  `street` varchar(100) NOT NULL,
  `city` varchar(50) NOT NULL,
  `state` char(2) NOT NULL,
  `zipcode` varchar(10) NOT NULL,
  PRIMARY KEY (`id`)
) ENGINE=InnoDB DEFAULT CHARSET=latin1;
/*!40101 SET character_set_client = @saved_cs_client */;

--
-- Dumping data for table `Customers`
--

LOCK TABLES `Customers` WRITE;
/*!40000 ALTER TABLE `Customers` DISABLE KEYS */;
INSERT INTO `Customers` VALUES (1,'Mary1 Lee','huang','123','2000-01-01','M','\0JFIF\0,,\0\0Exif\0\0II*\0\0\0\0\0\0\0\0\0\0\0\0\0\0\0\0\0\0\0\0\0\0\0\0\0\0\Z\0\0\0\0\0\0\0\0\0\0\0\0\0\0(\0\0\0\0\0\0\01\0\"\0\0\0\0\0\02\0\0\0\0\0\0\0;\0\0\0\0\0\0\0\0\0\0\0\r\0\0i\0\0\0\0\0\0X\0\0RICOH IMAGING COMPANY, LTD.\0PENTAX K-3\0,\0\0\0\0\0,\0\0\0\0\0Adobe Photoshop CC 2015 (Windows)\02018:06:05 17:53:43\0THOMAS_SHAHAN\0THOMAS_SHAHAN\0\0!\0\0\0\0\0\0\0\0\0\0\0\0\0\"\0\0\0\0\0\0\0\'\0\0\0\0\0\00\0\0\0\0\0\0\01\0\0\0\0\0\0\0\0\0\0\00221\0\0\0\0\0\0\0\0\0\0\0\0\n\0\0\0\0\0\0\0\0\0\0\0\0\n\0\0\0\0\0\0\0\0\0\0\0\0\0	\0\0\0\0\0\0\0\n\0\0\0\0\0\0\0\0\0\0\0\0\0\0\0\0\0\0\0\0\0\0\0\0\0\0\0\0\0\0\0\0\0\0\0\0\0\0\0\0\0\0\0\0\0\0\0\0\0\0\0\0\0\0\0\0\0\0\0\0\0\0\0\0\0\0\0\0\0\0\0\0\0\0\0\0\0\0\0\0\0\0\0\0\0\0\0\0\0\0\0\0\0\0\0\0\0	\0\0\0\0\0\0\0\0\n\0\0\0\0\0\0\0\0\0\0\0\0\0\0\02\0\0\0\0\0\04\0!\0\0\06\0\0\0\0\0\0\0\0\0\0\0\0G\0\0\0\n\0\0\02018:05:23 02:45:13\02018:05:23 02:45:13\0Ho\0@B\0VLV\0@B\0\0\0\0\0\n\0\0\0e\0\0d\0\0\0\0\0\0\0\0\0\0\0&\0\0\n\0\0\0\0\0\n\0\0\0(\0\0\0\n\0\0\0:\0\0\0\n\0\0\0smc PENTAX-DA 55-300mm F4-5.8 ED\0\0\0\0\0\0\0\0\0\0\Z\0\0\0\0\0\0\0\0\0\0\0\0(\0\0\0\0\0\0\0\0\0\0\0\0\0\0\0\0\0A\0\0\0\0\0\0H\0\0\0\0\0\0H\0\0\0\0\0\0\0JFIF\0,,\0\0\0C\0\n\n\n		\n\Z%\Z# , #&\')*)-0-(0%()(\0C\n\n\n\n(\Z\Z((((((((((((((((((((((((((((((((((((((((((((((((((\0\0j\0k\"\0\0\0\0\0\0\0\0\0\0\0\0\0\0\0\07\0\0\0\0\0\0!1A\"Qaq#2$B3R\0\Z\0\0\0\0\0\0\0\0\0\0\0\0\0)\0	\0\0\0\0\0\0\0\0!1AQ\"#$2BRa\0\0\0?\09mg)uO3h#OCK}ȹ/)b1jLZ2U[v6nLb*U.oO`oqc\n\n&?F)kRo&㳝6޴7?޶efC7/#oYX>&mzː\n\ZƳlh>,@gQ{=9\'𾗦Đ+}(,ܠ6BֈushڎW?	\"bI#w\\T p\'Ht1),;XJѰoB+CJ-2o2{j}Z4:o.2,\"L87I`\\:|Tr(REjW{WtD@ܻhu6(2tZu@@c*h>@n[KU{D\'W3қnNxe2 &2sJ}~s?T=er8c2ؖ^җo5f\0:U\"}_G%Dڣ|ʃf=-ԉ,СY/\nR4-MҦK<xcG^Dy/1֛.rn@f޽x[B	y|Bd~c#;GZpRIY]~c_J;Ӄ˜FgᶟzuiĉזT\n}vi|7g)R1{4VɌg{}\n1ǜls֘86ۆK=+Orfj@)[do2=!ˈԞ;ozLb;Gs\'>l\0kl2jN\"|\rMp.95VPM>wTllޚ$O(qhU~攺lGbTd֧K|2N6P\r0e\n)(e%Zh-ZljB\n}z	ȫ\nYw\r\\#d~w+J٭F RYI4ޙcxժ\'KFV\0SNq,1죜jڝ>jU?3NIf q&)ZGAT;Q<rR}yd1fwO}>+Ͳ;+;g~tI7*dw9?.*ޕW2)+oNF\0zJ)L;HıRCJ)ƺGX%YOM	͉buL7䃜tvjJA DEnKtHQ\Zl[vڳ\r)uU\\[Pއ*6]85]]t|zt!y]JyH9S@TR[sCM~܄Y_\ns6UJSI3e91ror<!]n!};U-&gJ6z\ZiV/o\n\0\\14\n=k<1ؘFu#OFr{\\0o^Q`ˉKR֡5\04Opϱ(ޕIjI])j[x#*b2~r$`(	!8;\0nWJِycsdc#N\Z\Z=:wsJ]Ԏ~IԺaK[u;^ϱ$*׭-Hq~F[OX/t\0|܇?޺n_\ra{Jѡ?F\"2\',l3\'V\0&\0ijAKi$wTA/shj\"ggj)g_c+ex%azS+;𱷛#9&K6\\چZqS2-b^kNc!9t&q{Sͅv)Q){Īf\rH\Z\nixgRHxN$*{s6yu1(}w۶߱RBD^$O ; @ǯΤuBWW1BX_F: D94UYS;|gv8+Ӿ\0CZKBG%0?nsiMvInb|~osL@w#-4w(-|[%m~{Q} ϧe@sc?j\0\n&X98#5tI$1I5(vz^f7BQFr5jFs`mD@8xuunO<3עޢ03җdA^_FGr)=~>Ec\Z4At2T:`\r.%XERIpPMo(UOș^>/@lozyY%d\\4F5[d#JA{{\naz5s$4ʤ@ک^d7*\\gSCT/N\'\\r{c\0h\ZTUKxg9KRK<V&Fz}iY)-c2G(zGojYB*LxOyJ\0ɭ7b\nwF}kdmElmf5+ȈOjՌsCb\ZxDFJ`@ҵo$I(!\\s=S|t绚6mF\0}ikLֱ@;p:Ugo СI/gi]aP=OB8`\rZ5 ԓ\'ܒMLIkoηE97_~j<O%>\">61fJɊ6V7HSGo:F˒(\\aƼQ69cVZqb~ejP\0Dk^b4\\Kb&D \0mŗJKZLg8ȥ+_[		\r|2^\'nŚլ{cyPڧ\rmE%G4#\n\0`?a˅A}=_B0i\\(jf,Dź@zDDecJs1@ozKi5̞0*}1h*a򭷌	(J#&v:1햙mBg#ֈ- Yw;Fv%Ic^!m?W7H IP9m_mW:3xgs֚UUSW(dzD8ifl\0Ofsgdb$8PSrr9?A%FeJ\0ݳ4<		~!qlg\0\0\0\0\0\0\0\0\0\0\0\0\0\0\0\0\0\0\0\0\0\0\0\0\0\0\0\0\0\0\0\0\0\0\0\0\0\0\0\0\0\0\0\0\0\0\0\0\0\0\0\0\0\0\0\0\0\0\0\0\0\0\0\0\0\0\0\0\0\0\0\0\0\0\0\0\0\0\0\0\0\0\0\0\0\0\0\0\0\0\0\0\0\0\0\0\0\0\0\0\0\0\0\0\0\0\0\0\0\0\0\0\0\0\0\0\0\0\0\0\0\0\0\0\0\0\0\0\0\0\0\0\0\0\0\0\0\0\0\0\0\0\0\0\0\0\0\0\0\0\0\0\0\0\0\0\0\0\0\0\0\0\0\0\0\0\0\0\0\0\0\0\0\0\0\0\0\0\0\0\0\0\0\0\0\0\0\0\0\0\0\0\0\0\0\0\0\0\0\0\0\0\0\0\0\0\0\0\0\0\0\0\0\0\0\0\0\0\0\0\0\0\0\0\0\0\0\0\0\0\0\0\0\0\0\0\0\0\0\0\0\0\0\0\0\0\0\0\0\0\0\0\0\0\0\0\0\0\0\0\0\0\0\0\0\0\0\0\0\0\0\0\0\0\0\0\0\0\0\0\0\0\0\0\0\0\0\0\0\0\0\0\0\0\0\0\0\0\0\0\0\0\0\0\0\0\0\0\0\0\0\0\0\0\0\0\0\0\0\0\0\0\0\0\0\0\0\0\0\0\0\0\0\0\0\0\0\0\0\0\0\0\0\0\0\0\0\0\0\0\0\0\0\0\0\0\0\0\0\0\0\0\0\0\0\0\0\0\0\0\0\0\0\0\0\0\0\0\0\0\0\0\0\0\0\0\0\0\0\0\0\0\0\0\0\0\0\0\0\0\0\0\0\0\0\0\0\0\0\0\0\0\0\0\0\0\0\0\0\0\0\0\0\0\0\0\0\0\0\0\0\0\0\0\0\0\0\0\0\0\0\0\0\0\0\0\0\0\0\0\0\0\0\0\0\0\0\0\0\0\0\0\0\0\0\0\0\0\0\0\0\0\0\0\0\0\0\0\0\0\0\0\0\0\0\0\0\0\0\0\0\0\0\0\0\0\0\0\0\0\0\0\0\0\0\0\0\0\0\0\0\0\0\0\0\0\0\0\0\0\0\0\0\0\0\0\0\0\0\0\0\0\0\0\0\0\0\0\0\0\0\0\0\0\0\0\0\0\0\0\0\0\0\0\0\0\0\0\0\0\0\0\0\0\0\0\0\0\0\0\0\0\0\0\0\0\0\0\0\0\0\0\0\0\0\0\0\0\0\0\0\0\0\0\0\0\0\0\0\0\0\0\0\0\0\0\0\0\0\0\0\0\0\0\0\0\0\0\0\0\0\0\0\0\0\0\0\0\0\0\0\0\0\0\0\0\0\0\0\0\0\0\0\0\0\0\0\0\0\0\0\0\0\0\0\0\0\0\0\0\0\0\0\0\0\0\0\0\0\0\0\0\0\0\0\0\0\0\0\0\0\0\0\0\0\0\0\0\0\0\0\0\0\0\0\0\0\0\0\0\0\0\0\0\0\0\0\0\0\0\0\0\0\0\0\0\0\0\0\0\0\0\0\0\0\0\0\0\0\0\0\0\0\0\0\0\0\0\0\0\0\0\0\0\0\0\0\0\0\0\0\0\0\0\0\0\0\0\0\0\0\0\0\0\0\0\0\0\0\0\0\0\0\0\0\0\0\0\0\0\0\0\0\0\0\0\0\0\0\0\0\0\0\0\0\0\0\0\0\0\0\0\0\0\0\0\0\0\0\0\0\0\0\0\0\0\0\0\0\0\0\0\0\0\0\0\0\0\0\0\0\0\0\0\0\0\0\0\0\0\0\0\0\0\0\0\0\0\0\0\0\0\0\0\0\0\0\0\0\0\0\0\0\0\0\0\0\0\0\0\0\0\0\0\0\0\0\0\0\0\0\0\0\0\0\0\0\0\0\0\0\0\0\0\0\0\0\0\0\0\0\0\0\0\0\0\0\0\0\0\0\0\0\0\0\0\0\0\0\0\0\0\0\0\0\0\0\0\0\0\0\0\0\0\0\0\0\0\0\0\0\0\0\0\0\0\0\0\0\0\0\0\0\0\0\0\0\0\0\0\0\0\0\0\0\0\0\0\0\0\0\0\0\0\0\0\0\0\0\0\0\0\0\0\0\0\0\0\0\0\0\0\0\0\0\0\0\0\0\0\0\0\0\0\0\0\0\0\0\0\0\0\0\0\0\0\0\0\0\0\0\0\0\0\0\0\0\0\0\0\0\0\0\0\0\0\0\0\0\0\0\0\0\0\0\0\0\0\0\0\0\0\0\0\0\0\0\0\0\0\0\0\0\0\0\0\0\0\0\0\0\0\0\0\0\0\0\0\0\0\0\0\0\0\0\0\0\0\0\0\0\0\0\0\0\0\0\0\0\0\0\0\0\0\0\0\0\0\0\0\0\0\0\0\0\0\0\0\0\0\0\0\0\0\0\0\0\0\0\0\0\0\0\0\0\0+whttp://ns.adobe.com/xap/1.0/\0<?xpacket begin=\"﻿\" id=\"W5M0MpCehiHzreSzNTczkc9d\"?> <x:xmpmeta xmlns:x=\"adobe:ns:meta/\" x:xmptk=\"Adobe XMP Core 5.6-c067 79.157747, 2015/03/30-23:40:42        \"> <rdf:RDF xmlns:rdf=\"http://www.w3.org/1999/02/22-rdf-syntax-ns#\"> <rdf:Description rdf:about=\"\" xmlns:dc=\"http://purl.org/dc/elements/1.1/\" xmlns:xmp=\"http://ns.adobe.com/xap/1.0/\" xmlns:aux=\"http://ns.adobe.com/exif/1.0/aux/\" xmlns:exifEX=\"http://cipa.jp/exif/1.0/\" xmlns:photoshop=\"http://ns.adobe.com/photoshop/1.0/\" xmlns:xmpMM=\"http://ns.adobe.com/xap/1.0/mm/\" xmlns:stEvt=\"http://ns.adobe.com/xap/1.0/sType/ResourceEvent#\" xmlns:stRef=\"http://ns.adobe.com/xap/1.0/sType/ResourceRef#\" xmlns:crs=\"http://ns.adobe.com/camera-raw-settings/1.0/\" dc:format=\"image/jpeg\" xmp:CreatorTool=\"PENTAX K-3 Ver. 1.11\" xmp:ModifyDate=\"2018-06-05T17:53:43-05:00\" xmp:CreateDate=\"2018-05-23T02:45:13\" xmp:Rating=\"0\" xmp:MetadataDate=\"2018-06-05T17:53:43-05:00\" aux:LensInfo=\"550/10 3000/10 40/10 58/10\" aux:Lens=\"smc PENTAX-DA 55-300mm F4-5.8 ED\" aux:LensID=\"7 236\" aux:ApproximateFocusDistance=\"400/100\" aux:LateralChromaticAberrationCorrectionAlreadyApplied=\"True\" exifEX:LensModel=\"smc PENTAX-DA 55-300mm F4-5.8 ED\" photoshop:DateCreated=\"2018-05-23T02:45:13\" photoshop:ColorMode=\"3\" photoshop:ICCProfile=\"sRGB IEC61966-2.1\" xmpMM:DocumentID=\"adobe:docid:photoshop:4758b914-6913-11e8-84da-e8c88cc3520f\" xmpMM:OriginalDocumentID=\"5684ABE1786A5D55095E4B0F2AD94CCE\" xmpMM:InstanceID=\"xmp.iid:ae01f1b7-b777-404f-a7e9-9b4d667bb66e\" crs:Version=\"10.3\" crs:ProcessVersion=\"10.0\" crs:WhiteBalance=\"Auto\" crs:AutoWhiteVersion=\"134348800\" crs:Temperature=\"6250\" crs:Tint=\"+30\" crs:Saturation=\"+18\" crs:Sharpness=\"106\" crs:LuminanceSmoothing=\"14\" crs:ColorNoiseReduction=\"25\" crs:VignetteAmount=\"0\" crs:ShadowTint=\"0\" crs:RedHue=\"0\" crs:RedSaturation=\"0\" crs:GreenHue=\"0\" crs:GreenSaturation=\"0\" crs:BlueHue=\"0\" crs:BlueSaturation=\"0\" crs:Vibrance=\"+12\" crs:HueAdjustmentRed=\"0\" crs:HueAdjustmentOrange=\"0\" crs:HueAdjustmentYellow=\"0\" crs:HueAdjustmentGreen=\"0\" crs:HueAdjustmentAqua=\"0\" crs:HueAdjustmentBlue=\"0\" crs:HueAdjustmentPurple=\"0\" crs:HueAdjustmentMagenta=\"0\" crs:SaturationAdjustmentRed=\"0\" crs:SaturationAdjustmentOrange=\"0\" crs:SaturationAdjustmentYellow=\"0\" crs:SaturationAdjustmentGreen=\"0\" crs:SaturationAdjustmentAqua=\"0\" crs:SaturationAdjustmentBlue=\"0\" crs:SaturationAdjustmentPurple=\"0\" crs:SaturationAdjustmentMagenta=\"0\" crs:LuminanceAdjustmentRed=\"0\" crs:LuminanceAdjustmentOrange=\"0\" crs:LuminanceAdjustmentYellow=\"0\" crs:LuminanceAdjustmentGreen=\"0\" crs:LuminanceAdjustmentAqua=\"0\" crs:LuminanceAdjustmentBlue=\"0\" crs:LuminanceAdjustmentPurple=\"0\" crs:LuminanceAdjustmentMagenta=\"0\" crs:SplitToningShadowHue=\"0\" crs:SplitToningShadowSaturation=\"0\" crs:SplitToningHighlightHue=\"0\" crs:SplitToningHighlightSaturation=\"0\" crs:SplitToningBalance=\"0\" crs:ParametricShadows=\"0\" crs:ParametricDarks=\"0\" crs:ParametricLights=\"0\" crs:ParametricHighlights=\"0\" crs:ParametricShadowSplit=\"25\" crs:ParametricMidtoneSplit=\"50\" crs:ParametricHighlightSplit=\"75\" crs:SharpenRadius=\"+1.0\" crs:SharpenDetail=\"25\" crs:SharpenEdgeMasking=\"41\" crs:PostCropVignetteAmount=\"-41\" crs:PostCropVignetteMidpoint=\"41\" crs:PostCropVignetteFeather=\"100\" crs:PostCropVignetteRoundness=\"0\" crs:PostCropVignetteStyle=\"1\" crs:PostCropVignetteHighlightContrast=\"0\" crs:GrainAmount=\"0\" crs:LuminanceNoiseReductionDetail=\"65\" crs:ColorNoiseReductionDetail=\"50\" crs:LuminanceNoiseReductionContrast=\"24\" crs:ColorNoiseReductionSmoothness=\"50\" crs:LensProfileEnable=\"0\" crs:LensManualDistortionAmount=\"0\" crs:PerspectiveVertical=\"0\" crs:PerspectiveHorizontal=\"0\" crs:PerspectiveRotate=\"0.0\" crs:PerspectiveScale=\"100\" crs:PerspectiveAspect=\"0\" crs:PerspectiveUpright=\"0\" crs:PerspectiveX=\"0.00\" crs:PerspectiveY=\"0.00\" crs:AutoLateralCA=\"1\" crs:Exposure2012=\"+3.55\" crs:Contrast2012=\"0\" crs:Highlights2012=\"-100\" crs:Shadows2012=\"0\" crs:Whites2012=\"0\" crs:Blacks2012=\"0\" crs:Clarity2012=\"0\" crs:DefringePurpleAmount=\"0\" crs:DefringePurpleHueLo=\"30\" crs:DefringePurpleHueHi=\"70\" crs:DefringeGreenAmount=\"0\" crs:DefringeGreenHueLo=\"40\" crs:DefringeGreenHueHi=\"60\" crs:Dehaze=\"+7\" crs:ToneMapStrength=\"0\" crs:ConvertToGrayscale=\"False\" crs:OverrideLookVignette=\"False\" crs:ToneCurveName=\"Medium Contrast\" crs:ToneCurveName2012=\"Linear\" crs:CameraProfile=\"Adobe Standard\" crs:CameraProfileDigest=\"60AC1A2E4B4616A5F94860B8586E09F4\" crs:LensProfileSetup=\"LensDefaults\" crs:LensProfileName=\"Adobe (smc PENTAX-DA 55-300mm F4-5.8 ED)\" crs:LensProfileFilename=\"PENTAX (smc PENTAX-DA 55-300mm F4-5.8 ED) - RAW.lcp\" crs:LensProfileDigest=\"66A57B210D74DD4D8A50AB84E129F65C\" crs:LensProfileDistortionScale=\"100\" crs:LensProfileChromaticAberrationScale=\"100\" crs:LensProfileVignettingScale=\"100\" crs:UprightVersion=\"151388160\" crs:UprightCenterMode=\"0\" crs:UprightCenterNormX=\"0.5\" crs:UprightCenterNormY=\"0.5\" crs:UprightFocalMode=\"0\" crs:UprightFocalLength35mm=\"35\" crs:UprightPreview=\"False\" crs:UprightTransformCount=\"6\" crs:UprightFourSegmentsCount=\"0\" crs:HasSettings=\"True\" crs:HasCrop=\"False\" crs:AlreadyApplied=\"True\" crs:RawFileName=\"_IMG6732.DNG\"> <dc:creator> <rdf:Seq> <rdf:li>THOMAS_SHAHAN</rdf:li> </rdf:Seq> </dc:creator> <dc:rights> <rdf:Alt> <rdf:li xml:lang=\"x-default\">THOMAS_SHAHAN</rdf:li> </rdf:Alt> </dc:rights> <photoshop:DocumentAncestors> <rdf:Bag> <rdf:li>adobe:docid:photoshop:9d690368-3c25-11e8-ad1a-c81afb47333e</rdf:li> <rdf:li>xmp.did:847a961b-d5ad-0c4a-821a-29a1760dbd3b</rdf:li> <rdf:li>xmp.did:9c44662a-8045-4e48-ae8f-6e12befe9a6a</rdf:li> <rdf:li>xmp.did:facb6500-2e88-f84d-9215-aa99c7e4a43f</rdf:li> </rdf:Bag> </photoshop:DocumentAncestors> <xmpMM:History> <rdf:Seq> <rdf:li stEvt:action=\"derived\" stEvt:parameters=\"converted from image/dng to image/tiff\"/> <rdf:li stEvt:action=\"saved\" stEvt:instanceID=\"xmp.iid:847a961b-d5ad-0c4a-821a-29a1760dbd3b\" stEvt:when=\"2018-06-05T17:47:43-05:00\" stEvt:softwareAgent=\"Adobe Photoshop Camera Raw 10.3 (Windows)\" stEvt:changed=\"/\"/> <rdf:li stEvt:action=\"saved\" stEvt:instanceID=\"xmp.iid:609b3307-1de3-c74c-ad87-1395c95593d6\" stEvt:when=\"2018-06-05T17:53:43-05:00\" stEvt:softwareAgent=\"Adobe Photoshop CC 2015 (Windows)\" stEvt:changed=\"/\"/> <rdf:li stEvt:action=\"converted\" stEvt:parameters=\"from image/tiff to image/jpeg\"/> <rdf:li stEvt:action=\"derived\" stEvt:parameters=\"converted from image/tiff to image/jpeg\"/> <rdf:li stEvt:action=\"saved\" stEvt:instanceID=\"xmp.iid:ae01f1b7-b777-404f-a7e9-9b4d667bb66e\" stEvt:when=\"2018-06-05T17:53:43-05:00\" stEvt:softwareAgent=\"Adobe Photoshop CC 2015 (Windows)\" stEvt:changed=\"/\"/> </rdf:Seq> </xmpMM:History> <xmpMM:DerivedFrom stRef:instanceID=\"xmp.iid:609b3307-1de3-c74c-ad87-1395c95593d6\" stRef:documentID=\"xmp.did:847a961b-d5ad-0c4a-821a-29a1760dbd3b\" stRef:originalDocumentID=\"5684ABE1786A5D55095E4B0F2AD94CCE\"/> <crs:ToneCurve> <rdf:Seq> <rdf:li>0, 0</rdf:li> <rdf:li>32, 22</rdf:li> <rdf:li>64, 56</rdf:li> <rdf:li>128, 128</rdf:li> <rdf:li>192, 196</rdf:li> <rdf:li>255, 255</rdf:li> </rdf:Seq> </crs:ToneCurve> <crs:ToneCurveRed> <rdf:Seq> <rdf:li>0, 0</rdf:li> <rdf:li>255, 255</rdf:li> </rdf:Seq> </crs:ToneCurveRed> <crs:ToneCurveGreen> <rdf:Seq> <rdf:li>0, 0</rdf:li> <rdf:li>255, 255</rdf:li> </rdf:Seq> </crs:ToneCurveGreen> <crs:ToneCurveBlue> <rdf:Seq> <rdf:li>0, 0</rdf:li> <rdf:li>255, 255</rdf:li> </rdf:Seq> </crs:ToneCurveBlue> <crs:ToneCurvePV2012> <rdf:Seq> <rdf:li>0, 0</rdf:li> <rdf:li>255, 255</rdf:li> </rdf:Seq> </crs:ToneCurvePV2012> <crs:ToneCurvePV2012Red> <rdf:Seq> <rdf:li>0, 0</rdf:li> <rdf:li>255, 255</rdf:li> </rdf:Seq> </crs:ToneCurvePV2012Red> <crs:ToneCurvePV2012Green> <rdf:Seq> <rdf:li>0, 0</rdf:li> <rdf:li>255, 255</rdf:li> </rdf:Seq> </crs:ToneCurvePV2012Green> <crs:ToneCurvePV2012Blue> <rdf:Seq> <rdf:li>0, 0</rdf:li> <rdf:li>255, 255</rdf:li> </rdf:Seq> </crs:ToneCurvePV2012Blue> <crs:Look> <rdf:Description crs:Name=\"Adobe Color\" crs:Amount=\"1.000000\" crs:UUID=\"B952C231111CD8E0ECCF14B86BAA7077\" crs:SupportsAmount=\"false\" crs:SupportsMonochrome=\"false\" crs:SupportsOutputReferred=\"false\" crs:Copyright=\"© 2018 Adobe Systems, Inc.\"> <crs:Group> <rdf:Alt> <rdf:li xml:lang=\"x-default\">Profiles</rdf:li> </rdf:Alt> </crs:Group> <crs:Parameters> <rdf:Description crs:Version=\"10.3\" crs:ProcessVersion=\"10.0\" crs:ConvertToGrayscale=\"False\" crs:CameraProfile=\"Adobe Standard\" crs:LookTable=\"E1095149FDB39D7A057BAB208837E2E1\"> <crs:ToneCurvePV2012> <rdf:Seq> <rdf:li>0, 0</rdf:li> <rdf:li>22, 16</rdf:li> <rdf:li>40, 35</rdf:li> <rdf:li>127, 127</rdf:li> <rdf:li>224, 230</rdf:li> <rdf:li>240, 246</rdf:li> <rdf:li>255, 255</rdf:li> </rdf:Seq> </crs:ToneCurvePV2012> <crs:ToneCurvePV2012Red> <rdf:Seq> <rdf:li>0, 0</rdf:li> <rdf:li>255, 255</rdf:li> </rdf:Seq> </crs:ToneCurvePV2012Red> <crs:ToneCurvePV2012Green> <rdf:Seq> <rdf:li>0, 0</rdf:li> <rdf:li>255, 255</rdf:li> </rdf:Seq> </crs:ToneCurvePV2012Green> <crs:ToneCurvePV2012Blue> <rdf:Seq> <rdf:li>0, 0</rdf:li> <rdf:li>255, 255</rdf:li> </rdf:Seq> </crs:ToneCurvePV2012Blue> </rdf:Description> </crs:Parameters> </rdf:Description> </crs:Look> </rdf:Description> </rdf:RDF> </x:xmpmeta>                                                                                                                                                                                                                                                                                                                                                                                                                                                                                                                                                                                                                                                                                                                                                                                                                                                                                                                                                                                                                                                                                                                                                                                                                                                                                                                                                                                                                                                                                                                                                                                                                                                                                                                                                                                                                                                                                                                                                                                                                                                                                                                                 <?xpacket end=\"w\"?>Photoshop 3.0\08BIM\0\0\0\0\0PZ\0%G\0\0a\0P\0\rTHOMAS_SHAHAN7\020180523<\0024513+0000t\0\rTHOMAS_SHAHAN8BIM%\0\0\0\0\0*\"Ց\'-ᜱ>8BIM:\0\0\0\0\0\0\0\0\0\0\0\0\0\0\0\0printOutput\0\0\0\0\0\0\0PstSbool\0\0\0\0Inteenum\0\0\0\0Inte\0\0\0\0Clrm\0\0\0printSixteenBitbool\0\0\0\0printerNameTEXT\0\0\0\0\0\0\0\0printProofSetupObjc\0\0\0\0P\0r\0o\0o\0f\0 \0S\0e\0t\0u\0p\0\0\0\0\0\nproofSetup\0\0\0\0\0\0\0Bltnenum\0\0\0builtinProof\0\0\0	proofCMYK\08BIM;\0\0\0\0-\0\0\0\0\0\0\0\0\0\0\0printOutputOptions\0\0\0\0\0\0\0Cptnbool\0\0\0\0\0Clbrbool\0\0\0\0\0RgsMbool\0\0\0\0\0CrnCbool\0\0\0\0\0CntCbool\0\0\0\0\0Lblsbool\0\0\0\0\0Ngtvbool\0\0\0\0\0EmlDbool\0\0\0\0\0Intrbool\0\0\0\0\0BckgObjc\0\0\0\0\0\0\0\0\0RGBC\0\0\0\0\0\0\0Rd  doub@o\0\0\0\0\0\0\0\0\0Grn doub@o\0\0\0\0\0\0\0\0\0Bl  doub@o\0\0\0\0\0\0\0\0\0BrdTUntF#Rlt\0\0\0\0\0\0\0\0\0\0\0\0Bld UntF#Rlt\0\0\0\0\0\0\0\0\0\0\0\0RsltUntF#Pxl@r\0\0\0\0\0\0\0\0\nvectorDatabool\0\0\0\0PgPsenum\0\0\0\0PgPs\0\0\0\0PgPC\0\0\0\0LeftUntF#Rlt\0\0\0\0\0\0\0\0\0\0\0\0Top UntF#Rlt\0\0\0\0\0\0\0\0\0\0\0\0Scl UntF#Prc@Y\0\0\0\0\0\0\0\0\0cropWhenPrintingbool\0\0\0\0cropRectBottomlong\0\0\0\0\0\0\0cropRectLeftlong\0\0\0\0\0\0\0\rcropRectRightlong\0\0\0\0\0\0\0cropRectToplong\0\0\0\0\08BIM\0\0\0\0\0,\0\0\0\0,\0\0\0\08BIM&\0\0\0\0\0\0\0\0\0\0\0\0\0\0\0?\0\08BIM\r\0\0\0\0\0\0\0\08BIM\0\0\0\0\0\0\0\08BIM\0\0\0\0\0	\0\0\0\0\0\0\0\0\08BIM\'\0\0\0\0\0\n\0\0\0\0\0\0\0\08BIM\0\0\0\0\0H\0/ff\0\0lff\0\0\0\0\0\0\0/ff\0\0\0\0\0\0\0\0\02\0\0\0\0Z\0\0\0\0\0\0\0\0\05\0\0\0\0-\0\0\0\0\0\0\0\08BIM\0\0\0\0\0p\0\0\0\0\0\0\0\0\0\0\0\0\0\0\0\08BIM\0\0\0\0\0\0\0\0\0\0@\0\0@\0\0\0\08BIM\0\0\0\0\0\0\0\0\08BIM\Z\0\0\0\0A\0\0\0\0\0\0\0\0\0\0\0\0\0\0\0\0\0\0\0v\0e\0r\0v\0e\0t\0\0\0\0\0\0\0\0\0\0\0\0\0\0\0\0\0\0\0\0\0\0\0\0\0\0\0\0\0\0\0\0\0\0\0\0\0\0\0\0\0\0\0\0\0\0\0\0\0\0\0\0\0\0\0\0\0\0\0\0\0\0\0\0\0\0\0\0\0\0\0\0\0\0\0\0\0\0null\0\0\0\0\0\0boundsObjc\0\0\0\0\0\0\0\0\0Rct1\0\0\0\0\0\0\0Top long\0\0\0\0\0\0\0\0Leftlong\0\0\0\0\0\0\0\0Btomlong\0\0\0\0\0\0Rghtlong\0\0\0\0\0slicesVlLs\0\0\0Objc\0\0\0\0\0\0\0\0slice\0\0\0\0\0\0sliceIDlong\0\0\0\0\0\0\0groupIDlong\0\0\0\0\0\0\0originenum\0\0\0ESliceOrigin\0\0\0\rautoGenerated\0\0\0\0Typeenum\0\0\0\nESliceType\0\0\0\0Img \0\0\0boundsObjc\0\0\0\0\0\0\0\0\0Rct1\0\0\0\0\0\0\0Top long\0\0\0\0\0\0\0\0Leftlong\0\0\0\0\0\0\0\0Btomlong\0\0\0\0\0\0Rghtlong\0\0\0\0\0urlTEXT\0\0\0\0\0\0\0\0\0nullTEXT\0\0\0\0\0\0\0\0\0MsgeTEXT\0\0\0\0\0\0\0\0altTagTEXT\0\0\0\0\0\0\0\0cellTextIsHTMLbool\0\0\0cellTextTEXT\0\0\0\0\0\0\0\0	horzAlignenum\0\0\0ESliceHorzAlign\0\0\0default\0\0\0	vertAlignenum\0\0\0ESliceVertAlign\0\0\0default\0\0\0bgColorTypeenum\0\0\0ESliceBGColorType\0\0\0\0None\0\0\0	topOutsetlong\0\0\0\0\0\0\0\nleftOutsetlong\0\0\0\0\0\0\0bottomOutsetlong\0\0\0\0\0\0\0rightOutsetlong\0\0\0\0\08BIM(\0\0\0\0\0\0\0\0?\0\0\0\0\0\08BIM\0\0\0\0\0\0\0\08BIM\0\0\0\0]\0\0\0\0\0\0\0\0\0j\0\0\0\0\0\0A\0\0\0Adobe_CM\0\0Adobe\0d\0\0\0\0\0			\n\r\r\r\0\0j\0\"\0\0\0\n?\0\0\0\0\0\0\0\0\0\0	\n\0\0\0\0\0\0\0\0\0	\n\03\0!1AQa\"q2B#$Rb34rC%Scs5&DTdE£t6UeuF\'Vfv7GWgw\05\0!1AQaq\"2B#R3$brCScs4%&5DTdEU6teuFVfv\'7GWgw\0\0\0?\0lc6.m#*Ⱥ길V+-h\n8\\܏{3ZG[Ce_givUK,\\i%Edv{.`I\'6ve,m\0iи^׮wƦC,XKvO?5=Nʺ#,\0<Q]gDYyH.ted&5~g[}_*{-W7D []sN%6F\\mR|</P\"\'XqvXeW\"CA ;^OO{2=7#nnD\"8)o9^6m8Vv![oL72Ya\nk<\0enyp<	\0ҭuj\Z\n5\"pt9;рeo.ݕMjri}O(X5J\"FSEZs%Ofh\'Tkmtơ:֓OᨠZ|W47VKq][:hiQ5̬l<?r]!oQk_VpX5#h23^3<!Jȵkt\nM$5jkD8	g2-> <]ٮ%cit{(\\3weH9vؤ\0W@ñKO\'_>KižCU>5}u]J?sV}s k*>a:,mUEcwntZ*w<rq,{]3=\r˫dz4zWq	u15}XB˨{V]eL)ll[M6]9;\ZcYÛS-3c\Z]-~o10l9(<4il~cݙ؍Hw,bO\nHz52q\rc{ɀt@V9\nMH)R^$r\Zh\Z4/M`-<Ytؘo#;\Z%2케w+}&(i\\	f>k%86L 2DaAŽsaZ	 u%t:ߑ/pWYц$F0vkgO><:,f&$sK:OS\n\0Ok͎\'Wnl7d/l;A2>>[po\Z4dM͏UQ>\\,8CcưzE?Y3%sH49=Z;#_;Us>Um-ӹGFa[qpcT\0\rիe̞Z0<JI,>O4J\\TNͺdu+ky-q\0BDX}^fה}7[NzODϷ?ͽٛ+8spts??ѥ`ȔD9Qe~m-蹧BpBIŅ|ِGPEh~|\0_k?y-Q&:c+ef+7 v*`UN||+~RJLlcܪaAs&bx+ʶܞksD xjIwf2\r5N:t[֓+45T&epպ6AkK\\8ZuC$I?v諶rN\r yQx(OxCVOWO3,\0W~s}\0$|W#c\rIIbxOF	es8h7.;1Ag:d\Zy>\">\'E՚3 Td\0yЕ5]Xv}&ٷ}94_1c1Y\0Ap[Ǟ6`D\0q\ry7E/]nK~ymM`dNݪN]IհYEOx\'E`cn[WҝEYef^}t_\Z=^\'p;Ik:6a\\0}cZIG{,\0o$/\'ִ{-o}Pb\0kylB\ZKKxk	]Ө{>*0Hа\Z7Nf5݂T=!t8Tݧ?rv3]{MM]$ցf5\0v[liRz6K2?D73X97\'l{{26K^\0q=]3m֝\nm}uJ$eV߬5}tx7y&mV<#GQ=Э&{pV9yEF\"AZUGtV%Pƍ<Pq]]M.#BKUSuDFiYp+\"u73Xjq;&j쬟N;cX# ycݯt-\03\rcc91}<\0\0nOpA`p\0	c쌗Y,ifO>dmt\0pkjczA ĉ&\0;icy\rמ`r%xoIЀ.y-.lh;\0EQاz.EY>ʃm$<{oӭ\0_T~\\[hnmh)~}Ah{X\0H?Zeƭڜv>o֤42}Ʃ埒ݣR -.Pn单cq12k\0PX&V	g{ŏ*X4̕S9g1뾰e\'Z\0Է_K`D|s.876\\] A#ܓXu@6a##c;\rRHjgUk[tYxD\ZS/4<|VOζ͝+{ZU֢o%	ƌ\'{QHhʀ}nypQ\0e~\0zP\0؎ MfFL\0,^]U\0?^kwvSL6\Z\0̫\\QםM\0c\0ckQs_{z?5}feuosXѱƀ\"ѷ@-Ǉ\\D.m,sƗ?hHy.=83?2c\\I\0se^[~=;xh֙9nmj{:].ʈΐp^..`vGg&7PP.![SxOko\nWkť7OSiKk:X-&\0Sg1Zoy1ΝzfV.&gCHBD\\jwc	JCyw{{ui=\rx{eӬ-;nOֲDE`qqRwQ@@?F\Z[[o\03 \nLh\r۵?{:M\0qlq?ejwqr\0}]L6$cNR6\0lVMsWnb6m 3;.\0HX}Vszwr9\0^?h.).\0Uu沍]E}5uꚲ1ߔZw?Hi|?沎odzv3dX>^܁gc_QiyncqSo&rx\0]\0SpnǪzzU>ѵ#x6!ӭjtfQ8K7>řO\0xsy\0\0I~JIqX8X8d<xǥoPh;+8TT`q=(蟥T?9~U^p-i:\rZ41?6\0Ts7\0}mOvkVDU\\\\5_5T蟥ou[q;\'uۏ5>\Z\0I\'3eO1Un}>?GZmlƘ{A?{:{U\0\0׹<7o\08BIM!\0\0\0\0\0]\0\0\0\0\0\0\0A\0d\0o\0b\0e\0 \0P\0h\0o\0t\0o\0s\0h\0o\0p\0\0\0\0A\0d\0o\0b\0e\0 \0P\0h\0o\0t\0o\0s\0h\0o\0p\0 \0C\0C\0 \02\00\01\05\0\0\0\08BIM\0\0\0\0\0\0\0\0\0C\0			\n\n\n\n\n\n	\n\n\n\0C\n\n\n\n\n\n\n\n\n\n\n\n\n\n\n\n\n\n\n\n\n\n\n\n\n\n\n\n\n\n\n\n\n\n\n\n\n\n\n\n\n\n\n\n\n\n\n\n\n\n\n\0\0\0\0\0\0\0\0\0\0\0\0\0\0	\0\n\0:\0\0\0\0!1\"AQa	2q#B$3R\0\0\0\0\0\0\0\0\0\0\0\0\0:\0\0\0\0\0!1A\"Qaq2#4Bbr\0\0\0?\0b\\k^qiMw	|jN= %f׶}-:jY\0$\0>>|\0ۆ6H8ZIt\Zex!hq\0>1_.e\"G$<R\nb99TNifwx\ZNpE~JcCV^=j$jdfNAyo%P(rԛTCR\\,[۶{~|}8\nՎ39c܍0fcb9\0@kazs&[Z(<YoB*;*g#QiuO+˰uEf;۹A狘mPɄZN##l\0׎9Zr.:Pjd}|ۊqga\'hF.uvU>߹ rGrweV;~_S.٥<AQUQ }O<ke=匐6UCGQqqJ߶s\0pl&8ua*?D YA#\0ǿ\019|W\n7I0ѩ=c#+lVکCi\0DLcG\0٫T[:zhG[_58E/.wwt[߫\'ݑr?_f?K9Nh۰WVaD\0~>a_U4E|rϟX^/ƸBUUFR:;M<\0QTbv#\nȿCYVZvqpnհNS4!\Z9y%hnزm0-m-|YNʊOQ0Q\"~i_Pњ:pӗ;EMͲ	W\rԩ)&Io0\rȳKy]S4\0KwCGQX.w\ZB(>4*U^}@7*m7D|2v6>v}ݫW_m\ZISUUEprv$2BC7\n!ʃO_ڭV}5E[dT?,s}\\}@C!-w4+Ӕ\\؜\0o5Ѻ9mdNmR܍ķǷc\0|\\mtD5LЊp%@	,S%Xvȏ㺺*VFdb.v1UUC;KrӶAd2h]DNv[XCbO%d-cc8~_J0i܊\rOQYis``6<}8	]tL{\r@:j$Ɔc*8*OqjY]nT0A	x`Eʁ#P꫆8Q1y?2\0Z(j%\0,>hlIFt\0?^va4dZ[kI+1 E+!TGy\'xsW m7CjEQidj-)~yZYB6N0G`w^zkFVg\ZZ/\"{Ӧ,\0#\np-lmYA\rf7Gw(5=l{2Pu?Qӡ`*0vm\n\ZXpQ+uIW3}w^azWݭs;5\r[AW]\rDqL*cSlu.\'W!IߟrLuTK|ǫy&hcMKz):w#^w[\\*BcsE;|}T3?>yg/Fޡ}{IzDSgx0;db#t\0\n M4Z	lv#:h7ǭYda7U=U.47o.j$ɸW9N.y?_*d/f-u?zӭGA>j/%D\":c9\0\':a˯}\\	kDv{K|~ݸϸSu3CY>\";c3Λ]!i.:JuBu$\nn\0rOɽ@QQ-%IiFX8\0ۀģhW/ZSRkio0<tC>%lÎT*28Λ;+,\\VޭR$Bcu_3\0\\ք9f]T5[EZEFD6`ÿ္*=Y懺A3[v3dӹ㢤9S[¦î	/ˁF+B\'Gq\0]N0{JǪm?5>ZɡQd8\'\nW\0|8]3}q^:\\TLbQ5Lw8\0h@3tP\\***UjDOlgaؑ~8xGT\\xǦSibN*NetM\n#;$%!C!l*Nύv7?obC͙aTB s/LF\\\r̃\nNCnGE`r:GOM}=/SzS_il}\nzLP9$hɎKo2ZFH5=7hHrEM%CL@:o{oϿ	(cm>mg.ۦ4\'IǵA`!\0U\nHwfN2}=$xEE;zomS!I&-DSI|7`rHρ\nydkdﴯZSUu\r[mPxIX#SMe+\"\"r_+YHCjw|Ez@˧aFF@R{v;gMԴOV8R7\0Na ].\\v}P.6\"9#?\n$ְVM/N/Q]h\\-Wi)Aዜ|~\Z2t|8J-z.1@H\Zxeg퍹)\nmqm3%ANH%5kNZQ,Q\'rqVص|tƍkKR6\0n\0\\^e\0,/sw&Y\'Q&PA$۶~Xqhi.	\0	=8,*.IsDE`ӲԚWƀ+gq*3CΰOR6Hm+S\\uNYxG<~?S (#N>4V\Zy%\"-$e20S`\01oō?ڴ.\'QCUvӤ4RzsJ<̻`p{Ծ(x!si]wd/p1em*i)lv:W]er\\!\'\"NU/s!-xU}8sr\nH%V.^sѨ.U)&P3LRC$yuh;\nm`4=0eVܖ9M}j\ZDɨkzFyNHk+DATD_~Hsu[1n\ZoEi}TCC\n6<@˔HA`kHjCwjŲxz$ValfXSc((| ?pFϬtVҥ:\'p@Vr$d\r\'ܤ8-E+5q.^Ìi`y=Z:e\0h=c%졥{Io$ZU^ӈҲӹ\n2<\08[)aj]n֭l-<O|dFtohtm`KX\0g돠\0EOF.6].\'Y]#$\'!ZڂunګNYw`v)p|\0ŭ$fVZ-`i!՞AcɅ=}۔sޞGy\ZY \'=?`YlS3MxzRU	\"r\0^>0k/eU6.| &-	<^ܔiǂ{pzW\rG<ӗisrק5U}\r#&{G8~x)3%5Mi4$y\'$nmQRElW%tZ:ɑ5!YOc6,n !ǆ\\.8{uTi*|[J}d|F޻3e70$[\0Ӟ\ri~G%oq_Rk+dAMD*rw`;Fr.2n\rӡHZAs_>th^\\IsE<wƃdaW,CafB$qE[F.yy\"aD+?7\n+}̴UM1~BL)H\ZwnUce@O^JD\r뫨m.lv붚i\'nŨ;<.~F*S	JXJx o=gnio/צU6-1ib=Io4W\nĢۭ2A*i0=͎T,sYcTC/{-qUDc>yy{u?7\roOD\'ih669\nd`_L;]xZl5/I[J)Gd`FA\rwۢM.#9io0Fjx-!?!T:BCKMN^TiQCyRqpNsڈ\rA$BNQM+?n;/95bsq|\0#+\rNE:\Z\0Td\0R$\'hurzm8]I\0gc,{bu7\"zIGe魱\"@ЩB?ߏCYQČid͍xگRS\nd+⒞ycnѢ[J)fgᝌAJ&~!J\\k)>>?=ѸX˗uS\ZVެǏؑ>{Yc\n!1\ZiZIgKUc\'\'h/\0vP\nYҴsϯoe0V*MAb`az`gb{	)c5%_I#\0)BG\Z~[ӧID(dwU(_kpXG	vGaPWڊ\rЙWNYaXcYyI#O_Tn}GjoZ\nۥQ~{[BC˴H+,b $odu5^m`!YtѧGV**\"`)ꨒ\ne\ZrH\Z3C*G؎wm푏s=Us_|-&P멡%(G,\n2T*ŠL1k0-`ݘa8]h5M\ZV^Ԋ%:EW{x{*AwcKC&TZ^)N-j2~x~n2j	ShiygSҬ4:$>T>>HZ?0䆓\"Eaۿ0i\\%^.Q\"1π;>|i{=Ik$} Z݀	|`]eDQ\n>:b>dq\ZC.@|vFlfRt\Z}C%EXTQPZYZd-Mq,ecmړ%rۂ73ۚ3P\\8k1(jUjT<\\;KV*vGlby1@\0\0r\rQ}`YZ2m(jGF*!r?o+pI2)A֣߯iMF\\	\n48.Xpr6$\'Bkf\':{&^jm4®KAD^*HHipY>e`C!âSo[voEmJr\reRRv62;Դ2&!H7*,AB8\\q¤_V3d4ߵEOfX2ӤTcIU UXL)>mwqww\"|X4\'Yu5Ak)k0Wu/,Q%N/CY0K\\M3svٱͬnQ늚}[:QI9JKaz)Z`4HЩ= (X(cF6xp:JMZCO\r]Pu$D@Co\nԅ\0J-{;\'cv8Ko~R	zZK.jJ4 =ј̱m\nLǷls|ZrovGYek#0L\0*+HmmZbFі??Ӆ2pSRux,)だ#Wy($ۍWsvdF;X~]>\\k╍	]<2Ft:v?uʡF<C,kECԾS+!;ñ3|rhQ_|嵽({Q/|pe?tiVӶܔi5D4z1S7˷aay/VA]%wLR+#7ʺs<_cE&Fu#K(#K1ا\0uC\Z˕q+Ϩ9ۥa-BM2;D=N\0^qE5Hs67 ~|\Z	$=vs.)wXj\na;ǻ\'4F+\rICn[Q\r=NUU1ҼEBeH!+m 3;{:[l}*gޫ9eC4)ԼR\Z\rBn*₨L<;L#{uF~~(en--5Thmvi)V@Ґ*ݕjJnE[S\0j;(فc<597(Fּ._InKsN*bHJL+26)h\"WGy\\~=u\\8QYsrUSl\nKO[\ZJƅE$Îd[;s@1Zoesc.׺tt\0jWMS>Kms=.G	ڊgvvYQ0ٹ|m\'m֩\ZG3jVNDI#Dl&\\erMͫi`suk٨߷-4IAj40~~c!q*\r``s9c	elKǎ^<7;X*AMQK$}qYG>Y(WF\"VR:WS؀\n|<0,jlT3vY%+FӎQ#ui7gwv?,yi_,RCV[)ImuY$`g&|?[^.p]Si!zgpJ9Jr$!jIҢWtf>\\Pbfqqְ^5<r,5&0\Z2C7,0g2<Z?kL7NZ[57MR(Ox\"\'#~98XmC[tVΣe߮Q[u}Z}5\rh)F{!rHP7?O=TAqiSjl\"qe_+kBEIЇKӰ\'p2(Ӭu;ܟL{n)t\\\nKtQM2\nt-̻\"]	Yd.$k7!իKr:\Z\Zz 1RbI:+nģ]9:V	-ij&˔ot\Zoi[tRP#9ƋI#7PG3x\0?{~<M`h)zP_!ZW=eڧl(b!;hT!4}^eG/oZEuWE;iã#7o5C\"\0egf3|-U6uDPk\naW`3=/+$kNĤ:B]L\ZE(\0̊;+8A<YE9yO6G`0eP{vDWu_2}.Wxᐌa\Z\' Y+s݅#,ȰILv@c=`j O(j{MʛqBcr6@8y|?,Wt5Ut\r+D 2S`pIDSZY&n[cHݳg\r	\r:ƁTvLjRzfjWKeKz$e̫H\0w>D&Ղܟ>L\0KUjiosZ]sUkTIC2dd\Z+Ʈkrdc\0kSV_PLtjtFDR6ւnn\"m)2QخH4RHϾ}:r	eZ*Ҽ̗ZBUR(5;j\n2NxӼ칭)\\߶z9i]1gԺK5|ГVS!#GI=0ۗ!i4z予[\rFSo\"0[u%%:KrN#Nb3H!3&CTV46M-__qAu|seAr>41G\\ij45KFi\Zdi6zs3&&XG;W^)t^0xM+\nZS!RbøwG	dsz2_ PVZlյ茒tsWcyQ4`̤?AÚ蝣<)5{LF>/Q=_kuTX\0I54S9>rKH<:6\\v_2&\Z3k[zX:WLʬ/©(\Zޫ:ˁkR1/\0k#>	c2ԕe-^)CpH*?~ݣ(u|в<AI=X/J*G.Z	NsH.FxTO2m$>Qmg2kGr2>M	uc|ZY(\rSIɎMi53&1\nnvG}:P>STmn~oSڢ@z3dNsf`|aOvށ$|<6?.ppKGc*]3ʭwjȴt	O<۽|Tn_lj}Ι0}\Z\'_owZguR[p±@$ш,$%p^Brb떀})r)um=⾗FAMNdC#c8BbaR3J;5C=oo\Z؏B,R\ZU`#HSk2\\rS_Cr_lL].o_tdwy%X\"I%;0C2d+hjƃBjϠ6:ϕ5UT Uzm6c\"ȎH!o?nmmG0;`럽//C|䊧H^P̰߭R:&炱z\r0go	\0{xOq.EwǏnIЖC52bCH %q1,RBGrZFnOy#1YIjv+G\r]t5W`Qԏ$#k3|kgx\0\0 F{|/4E\'O bm1k=&5\\e;v$ieI 	ќЊԓ%ix_h#	e[i\ZRG0SmG1	2ɀ|:>Ѷ[EJؓ-ZF&62+|Cw4GN(?WK%ΐZ햔/w`<IU-F\rv>*b6l	S7FJ1(禨e \nfBGU?ק3*kt\\F:ܪR$smPYɌ+I8Z0F|s˟A}O6cr9Y&7MyFd3Pۡ\0)fY;4ak\09&O<zb_rPm\"$Dm@TJƝ`_pz*Ij-=DW˶Vt\'.\nI&E\0Q<#$m)0:v\0HV婒KU3\0w} p\r>\\bzsFMG:joݨzG{m^ib8&CRml]3뽮̞\n`b9eꎦmaʰCX۳)Q0ђ\ZHٰƬކIv8\0݁C]tiI٦kfZJ%C+BIy:\nu7\\g?MTO]{ն)k@K%\\P/lgxݞۻ{WHw[n<|6YO돗t:f45kQItԕsSNXL͂[#پ\0H_KNCHWpoF$݇2>}Q\\dG^oWK2\0c|\Z8*W~sEs;VYGS$<f5pr4̐6vk\\֋!g #ǥ {d4(eVeGQ.^#CriwFƒhћb\0\ZzH)l\0-\'\r]۩=:5CS*^J}F\' \"-p9	^}eַttX5PІSp3$wȥ.?xHlsD\0P5	ֿi:\r;nQFkhm31(:YT]Z<&֏f/Q+eݹ&יڶ.I֞?D;e3ˠ&^Fiӕu6K+^=XhGhbtܫ4;F*9\0Q:ʪ\nU*Vጬ쥣hT%q#ipuDH9B.]q\\]TBp<\Zn`ޛ[ec5r[\nkV*0W}cZ\n/u!,zՂp3vЬ+碩Ufyz1Uv\Z]2ɕ0_rOnm9>I47-ue׼._ͦ롂9S/F}̟3Jlںd{]&hg\rE\Z+u\\\'ڴQHA!UR@.2`JyX\r=n<:{u뿊QPaܳ	$O/Z#u1OHޔ\0l.3dxzȆѴeG7*ItIB>ϟl(x\rYVG(앧0@l;n-w{ML+uKZV\\dx?HlX\\QiX#*sPV*inbA3ǉrA\0}\ZحW\0d.i/VF>Qǃ)D+2IK#Cv\\3ϊ_Ll0\0M<}gMgQKWY!ZxiI$\07c8QiZH$34z#e\ny*/pR\"UEA#YXʧyUuS#Eh6ۮy_a9zgOL)\0(E%D\";fe8Hiި\n\'Gst^o*uPi[PJU+FbT9vw<#d^.Cw߯TIXjm\nuQNP*եLL6ܥ0K8QD^GWՕtUTSOM\ZT$\0&R/-sEK9q:\Zzh%hkġT\r,tl1uOI\"\nB n믚*KErmAI]ѣUIS֣Oޣ2eA#hsbu[լ7>yC/:GmnV$wj:7*\"1f daVD)뙮>V8aq\0c=];sϢT\\A\\*$05ºgwQ\ncaa`n|\0n7S%E@mnHώD[PۂFs?׌]o2>@AJnCU{U]<wbA÷nN\ZIQl^#]vt=M&0144־Mk\n٢)$7jgQIۿ<^sӒ%=Jel|>|l+(^9i8q*meVDc8uh#cHԔ@MD?-kEc{1emzzB+Q\\k)\0\nGvv!QQU݈TUfb\0lq{h(z茱9Ӕ~/*-m8\r=H6+NIUc= 1*T<u=>BmnCGY?S<yt| oLܹū4nMYui憢I[)hA&c%6f3BS\0P4\rT6M7KÜ: 5qLsT*ZJ;Fkۤ!Ŗ䏦uHܦ;;}3rQp[*(K^QO\"%r@g˰R\0ځH,\r\\xt3Vmꗛ/E]JPQW~V*zN	C;g7f#U#b0tꚛo9knBXn5uCaTf]O\\t^guH%4j+]n\Z{!=;M!QER÷N64\r)d\rߕxڟ6V	jr^YdĕK\r}u\rrpY*aډ*ߡO]YEMsGKD?U \"cO\n$J\"\"VW&.햐z\Zmԕ(椂.4GYa0OkfaXʮGm<ha5Mc\"ӝLKQS-e<r$*>p>HL8eq9U`cqj\rw2R#)\Z¶(#.<9u>܆T6$#a6\nObTc߄Vh\"WaWI\rƅKqѰGn$5jM4ڂdl??~`\05\0k~otE81j\n31/\0\\~PԓBma{:&\ns=<8v&GX3m`\0;n\"OʝOR[d8\' gäЯh7\"[=2\Z*CüQʁyp	զ́&8{pɝSw4RVG#KR(歨y`¢dBؓBd~U8>Yd\'fMwi6h-?+P:,ƍ,Gb);p!.Xc\0Tj_\\-+]&\Z.lb=5qM?1MYrn. Ґ+:bˍP5/+e[=o]2:½s1e7Q\0Q|ԉdd{iadt=i7v]э30^~j}Q;	TtwZyCz`{I0d{lx:_aEy{ʘXY*i\0Q}ē&onu]\0텻KzoV}0}ckmGEuڮ0Sldbc˄]UC*#8\0 3>,paSV?Dn_uw7mEŁzumn>r`-rf p9dx 5r	KxXpodFW^\\ vn@qZ?so)	ǫ]6#h̀EmPb\n\"BImū.u<םIIkX/7JMKX 1Ih2|p/HP2p;ʫzI?uK0)t*kgd* \0w ECIq\n6*}̘{O3zt\\ e*61pd\0FI®$\06Qq\0DZ|UufB#<k#cMU2:;d <U\'+av؜Ec\";?vZIK$7UYjJMMpT;~ᔟkw:T7Pw@9_CGMnյte,B%FdPrH?MY@*Ss,.`jAe=B$\0,@=xW5	;Qpzxl\'OK**\'\\x66&(.tӖb۩UJA\Z積{;ȀY1{\03륞~eh\r}ƾydvǸU\ZbSP;p5LkIi>}tTC[bh^VoUt^JҚaBVp8+U8\0I؃~X>ϟ\neRs\01h\'?$Sӌ1U7qD!*:\"^K\Z>EH\Z.MOrDi#)Y)\r$ۉ\n<g[?iX_e\Zh}ۋҢE+C#y9]FH M<\0a\0a~ki5VhtӴ1[QQIlr\0 \nqT}Á{QZR=M\\+zJ:UM9 	89$iy׈Q|iuIiDQid{3Jp<v\0QSjt_%\\wb>^bj\njwEe	v$u$>.shc\\I=ljBԼRnkO2ue51?X0O`H?-$g}_i!媎(&wRFj\r*PrUre<m6W4.y5ZU0QըCC\0r[[5CK.^t0$7|+Vȁp1kK{ʨC\\}\07}Bb[\\+72itST)9rqi\0AHnŨ9Lw>id-kHKh&9\r[Ƕ;e$?hCZhkeVp<qTA!Z2Us:k${{@q+TIm\reN9|I=^HK˖Hɿ[d$En?\"68$OaA[3xYӂ\0tZv\Z~`{\"ysOc\ZeHhIʻ_?crT|D\Zȯm:vxK|Nii)yFX&YO`\0xP\0&yA(+\"S۩\ZT*@# R\0|8_k.p]uk))JC te	aq._N\0 oEXq\nGKqpQ1tlIaܲ>O|Ob}\0+_0u]ԵΌ%XIݕ GaۆTs{˅i5*{_T䲘ks@\'=!\0˭f\"l!S	A\0NsH\'+ĐlHCn0y8fL\\A8P&<*mOqKz2!]qq##Fx<0=1q꠬ko6j-z @O9=rsEbWQSœl%\ZM/誺W]$A\\¾φ};`y#O\'Q\Zb:Ԇ6SO;)S4>^	uDM+','3 King St.','Union','NJ','07083'),(2,'Mary2 Lee','mary','22','1990-08-13','F','\0JFIF\0,,\0\0\0C\0\n\n\n\r\r\0C		\r\r\0\0g\0\"\0\0\0\0\0\0\0\0\0\0\0\0\0\0\0\0=\0\0\0\0\0\0\0!1A\"Qaq2B#Rb$3S\0\0\0\0\0\0\0\0\0\0\0\0\0\0\0\"\0\0\0\0\0\0\0\0\0!1\"2AQR\0\0\0?\0WKH^IQ$Qz$U#![7>P\nQ	\Z8#]u]\0*8ŴjZc<#R. ҏqA>gʰ\0\rb<1*U[Ȥfn6ցJyQ)N\'>(n]dbNd颂R{ܗcWcn^\'D)kcswSnNr;Цbl-JDA\0/o[{NoJ#\"@\0G)ݛv͊Z=Ȅ w%B64LaUxxTD>(93b]B@#NuA{ѕZWT2s9uMKBI\'tT[%=ji ٧9WؑbZP2F:nq7uղca\\qWw!X4Uw	ei\rd!1?qU+DԎ\'1;\"˛}i=7qE$\rchaǆQü_2i@T|t$7;S!8}q-6~TkOqTdZ`K6H$h$R\nU	xMxWʾ_mF8	R=~gڄ눿\0Ʋ>na.?^}	YQ	<fge\0n~Gֳ1oJUnġdr\0e54AЊg|}JTSGe2\0Z@uI\0(IQ_n\0Cj	T)X֥\"MR	$G|*ؽ%pa%!J޴-[%ik	/+8I\nRt)P:\Z\ZbZl6syJUEa! FIyi(;LLs}KS#]醬jY(Ɯ*J\0$|o[{\'.R$o|1)¤,gHguTX>,\0XbBF_~-ŖxjR0;dr	=+K,W+` =^<U\\.ŕ,JY2I$C;bz&S8r@G`LNISS6&\r2JR sT`͵dݗPCh*#ڕ\'n=:\0<l6]	#וEz(TIV`BKE Az\0J2fjV#C;pR=@4x5a\r\"i)S$ò5 U%K%qLzlD5%ޕBN+S$iFR0녾%!43	0bj0%L-Gg	\\\\t|\nZ\\K؍Bs9IFu#C\0=q_xCIeAyB^ڈuId1Ӕ}Es7ynbm!ű7\r6WVRT2iBQLo<5\'*\\p\0D\0$&q%J\0`s$oL3Z}uʒ\ny*\0O=b}\0q7Ncp8!sÓd]ͤ<ziVWJФ1@1:Fx|q;V?33s@w	A\0JF:W-=9B5OI>ڷ4pt\\`ΕO.cmOea3A&A Ck1킒\"\0\\.mk>;D)Ktw8)JI)l&k5h\nT΀|i IVnO3Hl	4{VP4$}Mb@Uw|\Z_8X\Z\0j(}UV*שp3DJR1JM^TiȞtß$uP95sr |*f5Ue$$@IUjV,^euG|CX\"UիRD\"=577mRJ\0\0p!ip,Զl*d3\0IVDzF>KeДLJRIcPiLitICa)\'Ed5 INoyqlRI9PHs0(&R{S:V7s urD-_@bkŶcp-6)5v=nѫk6RA1 X;m{Q-JTtz4\'%a!,(rS7`\Z$N}6=09n}˕9;v\'*$czl]I>trLJ\nMHC>|1	;Gf3qR9\"}f\"ĀoṔyp@҅jV\r9$*ѧ9@Lѡ\'ӣTHt#OR|\0]\0f^ЮH&;4JB*N齽\0\Z8Zԣr~@x|}4zڑͤ\"9ERfb-M)RHʡ^	Hhtlz]O5}6|D%M-,T`::<V̽ m5&mIyHDIq^Lb6bxjn	.[ݴ\nvQt FsC>n-ܸr-ĥa:6JP\'lT	s	|ns\0X0$O=*:=M1o[R{޼d oAd\\ŞeP|.t/3|EoasosN\"3NlJA*NރA0넸j-ݫ3FddV\0m,z\r!\"c`I=d61{!xNƪnqeYbv֜CQ44w\Z(AuD*P<\'NQG}	\'O[UDikB^.KK \0E^6kQ%ķ}S$SMџ]I:A,|M┢2uAb|jCڕ P4Xaͯɀ=<i=jA\0iOGQ+TvҤW%r9T(:WpuOOS,1_Z\nmWPT6㉭e%֮\rd?>tjBܾsuÁҜ-ʂd$zҙOVsl6A+L3NCx	L8K\'9a#^\0;,V$,⒆[/]>~EAI雴j;KtlX^	+\\wBдvH ?q[x=׸(\0\"LF<i=68s\nzT?ØD?L\\O-`7M\n`+V(m\\eŝ[5M=\nH{+ŭ=\rVḀS 8v(o\Zk\"YI?8AX^\'v19m5eipV(Se0\reۣ8J0&R[JM\0F\r5(la:ֲ75af%\nd(\ro1Ry:ʓ僼}o,|%T=\r#	.Q9q+LDl2TJI%<ba@Nh0\"*B-T\nؓ>S	ߥ<#N*4B	iWA<>\'ҙ\0-)\";*U\rmT	4v˘@\'MiR4eލ0dUMDNFRYXkpY|!`jub6ָ[(&B\0$Lh`(ҥHUWWm_KOz]t&JSJR\0i:whɳ	e*Tm,Z863|>ԩRn9Ȳ6]:\Z*BJgQZon\0\ZRGUQdDlȓ(1M:#*TbA~zyh<iR0Ajb4J*','333 Central St.','Newark','NJ','07029'),(3,'Tim Smith','tim','2020','1970-12-20','M','\0JFIF\0,,\0\0\0C\0		\n\r\Z\Z $.\' \",#(7),01444\'9=82<.342\0C			\r\r2!!22222222222222222222222222222222222222222222222222\0\0q\0\"\0\0\0\0\0\0\0\0\0\0\0\0\0\0\0\0B\0\n\0\0\0\0!1\"AQaq2#34rBR$%5Cbs\0\0\0\0\0\0\0\0\0\0\0\0\0\0\0#\0\0\0\0\0\0\0\0\0\0!1A\"2BQq\0\0\0?\0Ax^Kb--W@W@\ZQ6WJZ@Wŷw	^G2O\0{yo\n!gN?=	arNi.OX̻HqBN_G]cKmU	(bɐ?f\'#RHpRz#8TŤqO8ynͥXwxQ-k\\cƜ5|kLUjjk132Nm.N%TCn\0u`ԍ\\ۢڽTg*),R1d-uSWlk-AI<j[+y&?Ƌk1޳gʻcU< 0G2V+`=_OvK82r>tr5	aL󻎭zJE\ZM_,ԇ\'|@\"?5E:D-u)YI\0ҡ\\YY[BڥI}JGO\\9i5^*tJ\0rTסMpv+)mg8{DV<ү\Zt;kw4]DD3xaIvNT,2ݜbZ:ȓTHu2~ cNE^l#yR᧺V241&@n,@8FFz\0qP{mFuQ+-Qg\0\0889\0J)5tú6;/L>|SᰱHDgxP\n^r9ǟƱJNS{b>oiͱ@\'?~zz8I0ّǷ#&@Z#>w\'`}8*cQP`pqήi^f	=Ć:z:j:]梙t]:UY0.8|$dv[ss\"$\0^<ϟZ<Z蒃gEkKr)}\0Bl ج\'==\rh \rB&!yTfi\0o=pkL\ZkKd-J(Ci\0(/L[}f,+b]ܬ7GpÅ4֣{xK=4`b3IN3ӷR_nඅ:+Gҕvoi&`fgiR9W3\0OZp.hgo5w&ErC0R<X%p<jM66q\rֆ&ya/\"I`Nj8\\caj\r9oZX@{\\p}x#\0иm,Q#I+U$+GY{L.v\'#ں}Z53 yiUI_Z3eaZك0s??w%w~˻	ǰ$xho\0Ƨ@Xg5ӆX؁bI)	rrx:t$tuý$9ƭPo\Zp2yoN	m#^HDy\0>#W\'HIf%loP+ġ>݂sӦp<G4&H_MV\'iwvǮz]WS!TFcRs)\'y)d.jƙe\nX$Hl`O3*ҵ\'xn0er2rA9#z):Pc9ڭg^jWHzrY8\0@y>$C[\'gצ:kg%cWv\rUpѺ0s1kof;_nWO|,B`Uw#yLHap$))@N=l2G6;WM&[.[BKqlH81@-f٣7.AV\rYX}OP4vKYhvy%0cSXsNf8mNimC#\' 瓜ҡ\rEe]?r8I)teR{U[E~-[#$\rWBO**TEF6Re,N\rNqc\\?\rh7m\0X;?U5LkAlr@׏/O#N[xTvS7gӽ>r.g!\0\n9=9\\ԣӦZ$\"9D~$pTr@a:lXЁɂ\089?/_}!Oh6!/9W)U!VbmUFFʑED;sCMd?hbx\Z;+.oS\0F=9\'4jZntr#$u=>gZ~QZmHg7`V	\'j}vb|tfp9#8;<A銑joUhrH1rQ yNੜ\\ 2@t594AMq g@;yީиVR\0>x˚b[y/.nfh&A|gkۻ;@\"Q$x$jeM-e22͏rp=IoLҧeӲ7{ٙ\0HWEJJO\0R+@Pi-/})?61ׅ`13\0Ǖy)K6y?[tƇ!p\0\0w8-)oJs5Y+VyH5n3^|hoh7*ZFZ]B@ϯQ۶˹>ui278\0Ƥjח}u/wWjN\Z	j*Wei@uu\nOuF5y#\" ʮnd.=yI$+3JyW+STN\0l1Ԍs@]ŐLR!|9p9\0ֹf\0lآDm5Z](x<cCJ-}9k8ۤ2GȄ3\"\'F封#CN<\n1K-9B;)̜ssV#ܞCpn+a!<y{LtZ-G_NIͮ0٢t\nG\\t~xݘ }\0늳kYڸylI8>k{@\\8VPLN@9#Yv]FT3~E-E8#Cn& cIr1wQ\\o<N=@>JcRvkq9#K\'&4dȒ͂iFXg*X>R:.Kܴ΄\0tu}/[iwƏP?{Ieon0Xga׭Iwz晨m1e$EeuY[ƶFH%ycG4d<qNFiԉ`xFhZ\0f]\0,RHlmhZm\"/jlGZɖ.2Cr>E6\Z#h}Ȫ\rΫd*}ѕ#Ԧr4t22Wj}>4>a38\0PnRw?V[5[^++m3FIzVz_ݚ#qx:t&T\0[36	p=NsRV^0RYX0T[9\n2\rr]=<Gv$\09	VU4Gx$e\nc<Au#^59T1Izq=B1#m\0g±g]Tj72hȢ8O5xҎ!، w|+=kufE]Ɂ\0po\\E=gV+uԓvց9qvKk2kkbb?vwd:ew,f; 9*\0\0Pk7E	%6PCzS~%-;Fޠ=HN,{]Z,wIqw\\Aǈ\ZUMS&-Bp]N>$,oV)d\'\\|FnUɘgiT}U}Y1jG$RXn+ȱlN<={PNd\\<|ĲwQVF$g<?+,\ndF܌0.-˙,9\"!@6:\0x<<~5-3ʣ9 c sATSNH]gjW;I\\kF{ልHj\0;*ԭo*$DJv$	$G ZUղx9#Y>=a\'Oc$Tڍ쉵0\"2<c9N1\0pH\0HXc:Ad\'FN[˓y6nI\nss<*/b4͓l`X@>>J5_d@^L{\'h]$9*<ϯ.\0egq=q*\0i00y-yM5Uqyh40xu%f<ggQ>vQ$c`z֜\0	p9 M\Zcr@}q\\#3\nUǇcm~ԫ.FeyV.\r(1Tjݐ!]g\nH<1*Bga*d\ZX\0/!_zTjKn&*UΆW\0\Zh\0RH&7\ZnNJPcKoU?J\'GCƕ*H2|W\0\rſ4R}@\n`\07)Rbrf?&/R]0LI4Y?^Uvo5*T?O','122 Main Ave.','Edison','NJ','07731'),(4,'Sarah Hoo','sarah','33','2020-11-23','F','\0JFIF\0\0H\0H\0\0\0C\0\n\n\Z \"\"\Z\0C\r\r\0\0}\0\"\0\0\0\0\0\0\0\0\0\0\0\0\0\0\0\0>\0\0\0\0\0!1A\"Qaq#2BR3br$4C\0\0\0\0\0\0\0\0\0\0\0\0\0\04\0\0\0\0\0\0\0!1AQaq\"#2Bb\0\0\0?\0;mFpbfe0cTVeǝ%{a.2t`L.j0`b@P.I;+B|A<YUNgS!I6\0Y>xē3I#KE}7$|68MFv[4-Ovr.CQ	DFg9u}/OChcf[)Xgܛ\r\'?<{LʣQ\ZM\08pMP{Uw q~]DP-K\r$>ĕ~Βԍ¢E:.;aYelZ;e;<Aa:fl8|<*TKx-$xlFOKfu-PQmH&,,.,KC1جuwbt\n?}e۶P\nl*)&xX]^28\',lUGqpPts\nV$Rt%2ۦ\Z(W;cTf\"Y#;*qa8w[+@%ޔi-\"`\rpMreQ~ Ͳ\':bNUKc%e>yEQ\nP.x/qryQH[!}e7:E\r462R/KˌQ3ն>\r`CQHIZ8?Jjzը5*IѠi5jopAů{m<E|N\'t>G<;Le<F?+n&`,4Ti4}ƿZN!H=\n*3\n\"_}:ƽ-z^\'b	\\EKUq,.\r:THbIӪGulnrB0	:#x`{0\0\rPo*hDFfu5qkHp1paӡqGRQq\\4M#C若C:F\no\"r<㬢\nVAQхϱmQM]<Y%rQ=D{G;qsaW|yG /a(U`Kd&0˽ޗG)q`zgo}Pn%カuSHH.Cؑ:_Ma|n\ZƜ*H&[IZ[aWyS]r@;\0c˩f㷼zC44n)i6EI,*\\!?kv\ZZMWIĪHZk|m^\rοᬶ༑\rv70{tA}EYwr{/ǂ\0\0jTlzKc8C!aPFح|rW랞@δ\0@,4bqY]MҽMeDt<#Xtv78>;qqoMA6QBbf	ms{l	#)4AfT4u.,_Ac\'aC)N\'Tp	/P>\0w3Dr,JA]qr=-ufdy\\T*,A\rM¯L\0pZ.TY08Q/=g=4\r[B@ux \r`H\"ID+[0Xl΅lG1x%s<m!HbʺyuCY䨙V,i]6=F:T.lSeM=^d[{Q9MMx1=Zr/pXO|n}B;Hzժ`-H\"uUͱS5HTVNI<I㦠`v)TT*H_f15aRO@m4H\n\'vQw\Zm{=|pI-9C=\\>sV}۲GK[sTC>z)|R\":T$RqiYu\0.I,F\nS\"Ȥc˩̅\nB4tSȀ]\\Bo|h\rxC<-nZ6eH{yŽmo2RK?G[gdu_g:ԕ2S ۮ5/5OĻI+sĜr\"	Hd=ܜjoyxGwR*eNc)	|Kc*5`h3LsH[~ö*$/rX8v79N+Co}F\"*M\\v9@o\\v6C+^*EcMMDe5:@\\\0OkoTYQj\Zȧ$\0b;>7q4UU\r\0`nl\0ۭ1󼪓;&mrhI҂Qm3e\nu!JU6n\0e8k1M}) iw1U@6M9O]TY\ry+#ά\Zgg<[,VX}۰Vw@幁%^J9LBeRT&8Ws\0[Ht\n˟rҘr8c6vuG,Sqv}k ab33UMlHC-m7\Z44YԲ:OC\"b\rɱֹ>Vk\0i\0ErX\"=&EM=\"+0=\nH5rLbd#)FH$(x/6U>]YM,IKv5CU\"P$%OxWΛ;-\0CQn[H\'#1^.yᨊj%#HΈ!l:JZ)^nLp^[OlyJ&2MtT:=|+AL-=	FܚZY;?q|_D7O_$P)ePgSؘGːV-0eFxSA;QlEel?\rb\"\0S,V%fW6iG[\0wU2h\"ޖ79i-A[d|Dԕ`qq\'WDJB\n\06S=26I.Oq2 |Tn2A;vݫsO(\0NM9	;7|/IT0K*qk(\0HiT:=;	ɡ]e]10XEA3<ZOYyvT{mz`ajh^yX8[͈099*s\'?h(*mESb\0T|Ell9 7k:o}Tu%UԠeE[oc<ziڴun#gB5+OoM/+GSTEqzc9#4uz%N:Wp{h\0(9|?SR*MQPA\0ku؋vz\0d\rʹ\'fUq\r.g#_X$s!7+~6R\rSS;sgLn4k\'J}ĒNqV:ĺ4;(v!W\ni@0:tM|\ndb\'\0uc0Jx\0aEꪖ.	d<(VV4#WE*Tc{3jYAi#$RFhEMg¸H\0MJCd|q9\Z_X	Z\r<lceC}\0CU4KH]URٙH=I;tǚZ8edJT2%Rç¦\ZZH\ra}=/;orN9t:M	;-\\-IYo$\Z\n(j$V9,/`f7Qao@\0gi*E[7,5atHە-̲긪$b©=;դag9%IDnܪFvk0q\nUӠ&B!\0h0lI#xgzhF6$0R\\!CC~>%]?MK6UAQQYpnqX;±NSbowSҥ%SDrcfO\\֖ZS\00\"Ǧ5=M4uTE!b-~S$&fQ\'NEM^hӽmS,%FY-}X!1\0؍}ƫ\0\"Z\\4erlvi2\Z9\0-~^LiznGq-k_~3\'{]L\n\Zg <SUUlth\"]]\0	aql	 bOHRwsanuNW(YLv<~]ڻcq\rS)hGvi5Cm;muTgqu<jR1!9*GP>z;\0hڮ5gF9̩BDi皙ePmkbVb{z0ڳNi)MV6t˯SiNDw,2--`a<,稱CT.7\n9^y$(ӦF\'lYaD)O\0N!	\'6B0^/|-[W>gR<2O~B=Wq*pd+w\0?\Z1;7>aA\ZJpz#iœM\0bnB*J917=xAEHQwL[ag,e{cd@e.q\'K0JɹCdd\ZR6>eYCIY\0P}Ap}EkX\n\rcۋ*<\"j%M%͕E~oo$|14e=1X\r\0h_ͨm$4qi|=0/b\r+t-!@f72#fr|\\ǥ[8B	*@r:_	eut,\Zocp_RR+O(X(>̤|Acmlsge eKUHS%Nbse%SH܈sav},\"K$Ҩd%$7ѱľSɓNR[Ue?m_]Nd2dvSr85XlCa>圜Hx*ޭڡF{kcujUSU(N\0{ص(3]?UEHQ-eSo%ӫ|eU<z>H$GCkr?|N8/k09wY=}϶. x3)Ł\r%UHd\nAlGQfa^\rJR;QM[CeXnr>x`*#WU؞8+\"XJQ0\0/\"7`MID$81h#X>&M4\0\r| N9rve7a<ʤ rj-U-Cjmup@釼W}@Dɷͷ#4C?gidcHSmW+R׬ǈy*X1N،MQicB/\\\"\0OL9ʲ*j$I\r7\\CO4q=\ZKl=ߧuAڃ8)p˓_pll6KÊ8oSϤf	.l\rw,ZU,Y-\0t>cYCZYgy##O\0{UGUT8]g\'S/̕r\nÛ,0wdK6bE\0q(3XNgi9\")-7sw䗒Q\\?Y	U=6?<+OćHKرtě4$<qnHF7؁cp7PMC?ܣ*<T5̀\Z{bF!&mLF52YAb.\0 HQÀEﹰ3[\rTZۦc~<<\nR,NKahrzegaa\"JOu=&\\Ǔ\Z41l3rMaAI켽\"U5)\0{o##B9ڦ%n>xgdYNL*#>G$TSLd{XE䎶8M%.i,Չ$//[{ǃRI?;j!\0,B','320 King St','NYC','NJ','07083'),(5,'New Tester','test','bcbe3365e6ac95ea2c0343a2395834dd','1993-04-01','M','\0JFIF\0,,\0\0	Phttp://ns.adobe.com/xap/1.0/\0<?xpacket begin=\"﻿\" id=\"W5M0MpCehiHzreSzNTczkc9d\"?> <x:xmpmeta xmlns:x=\"adobe:ns:meta/\" x:xmptk=\"Adobe XMP Core 5.6-c138 79.159824, 2016/09/14-01:09:01        \"> <rdf:RDF xmlns:rdf=\"http://www.w3.org/1999/02/22-rdf-syntax-ns#\"> <rdf:Description rdf:about=\"\"/> </rdf:RDF> </x:xmpmeta>                                                                                                                                                                                                                                                                                                                                                                                                                                                                                                                                                                                                                                                                                                                                                                                                                                                                                                                                                                                                                                                                                                                                                                                                                                                                                                                                                                                                                                                                                                                                                                                                                                                                                                                                                                                                                                                                                                                                                                                                                                                                                                                                 <?xpacket end=\"w\"?>\0C\0\n\n\n		\n\Z%\Z# , #&\')*)-0-(0%()(\0C\n\n\n\n(\Z\Z((((((((((((((((((((((((((((((((((((((((((((((((((\0\0d\0\"\0\0\0\0\0\0\0\0\0\0\0\0\0\0	\08\0\0\0\0\0\0!1\"AQaq2B#$Rb\0\0\0\0\0\0\0\0\0\0\0\0\0\0\0\0 \0\0\0\0\0\0\0\0\0\0\0!\"1AQ\0\0\0?\0R\0)@xhyR9&+Qp׺]|YմdSiJ$*q0ē\0\"XJϳG:3!   ҽ֕7ۊ9FpR%\0~-Iy&ZKة)JJRR()JJRR(lTӾ{;9P\n\0r{Ⳮ_ܒ^\rN{z~{ԧSmPcm$Ya\0qnªM@k6X2ݸT[a,XjAndpU}jn=ۡj>i^M_JtH0>z՘BLR()JJRR()J|z%XP\ZJ@KW5]Ik&`_/$w$+<Pv7ej\Z^P+x۴= 	8 s\\Prf\rԪ?j:|/}x_{ٛ6sWDWn-nHY dtϫ|;Ym4{Xu\"xqǨ\\HfN,Vۓ\0WWPN3#Ռ{#F\0\0Ug$Q\0	TMЯnRZ..$\"7f\0rjZGZ()JJRR()Q{T]@f\nGRcҀX\0z[:ޑj}ڶ,oiDO؞qSրΑ9T1ճo29濸3ҙB]sϿΡ؎3:HOoʲYsqR|~Py8qRRylTevZ}*,v3&+݈TQx޹r%r蘵dR\ng }3aTYp/(>X\0a,eF??F!\0 c\0|!d\n*%n]\"ka֘緺HT,010[)c\nF8㟦qR}؛Ko&4֎}I2\\3[]qV܆vV`wDOӌGjQڭ6I)JJRS5XMj}hn[,uEn:##ʩz%1V+f>\"PwaU*qHYSrI/\0\n1xXe݋-L;kQ<v#p1A9f}Ti4OJFFt\'mKR3Q* 2HP[T?<iZ΃>loZI%*\0@\'=8mۋKSuvY ghuuĥlĲ2ktE(~5kZwZ$0NQ}P]\\XLY88P\05ӻR8&ymWk۬\0ls\'TPX-i]D\n$<Y%EHmBk˙.B\rl\rc}iO\n=D<SPD&ۤeY	ȦY}(Lw![\0f\"^],JD^k	aۀ\'*$]1x\0W#$:`t`kmԼW-LR[ r<@㚶ae}#6=R7򬷖\ZKYbb\Z)udaPEtiڥY4RYpW#)=Қu\rOq~u=a\\*ĄNJsQ؟*W9]u4;jɃz_4X{JK4q\'Y5=<36]Kin2Y8pGc*Z+y}eY<em[sZi7[4/ܷH}[\Zy\rek\r^b!F2A8,I=]!,Ά95gB=,@$c۟jگzs:qҔ?߁ZZִڊM{kmncXVb#$61,ZW)*9{Dt=4F3FibJ1JQ$ olےmix&y(?@EUڦuhReQ`Kr8c<[;Np{縆ݔ:e0p3x\"6Z.ں772uzBW;O~k>|7#Fщm٧h[RXfҊ8ex$-\nxڷ[͕=&,\r15\0f<J!ɑAЊխ.\\Gsn>zW.MlƑ\"j0\0iH)@)JP\nR5݅Cyk+9VM)@)JP\nR\0)@)JP\nR\0)@)JP\nR','1000 Morris Ave.','Union','NJ','07083');
/*!40000 ALTER TABLE `Customers` ENABLE KEYS */;
UNLOCK TABLES;

--
-- Table structure for table `Customers_Midterm`
--

DROP TABLE IF EXISTS `Customers_Midterm`;
/*!40101 SET @saved_cs_client     = @@character_set_client */;
/*!40101 SET character_set_client = utf8 */;
CREATE TABLE `Customers_Midterm` (
  `id` int(11) NOT NULL AUTO_INCREMENT,
  `name` varchar(255) NOT NULL,
  `address` varchar(255) NOT NULL,
  PRIMARY KEY (`id`)
) ENGINE=InnoDB AUTO_INCREMENT=9 DEFAULT CHARSET=latin1;
/*!40101 SET character_set_client = @saved_cs_client */;

--
-- Dumping data for table `Customers_Midterm`
--

LOCK TABLES `Customers_Midterm` WRITE;
/*!40000 ALTER TABLE `Customers_Midterm` DISABLE KEYS */;
INSERT INTO `Customers_Midterm` VALUES (1,'Sam1','1 Test drive Union NJ 07083'),(2,'Sam2','2 Test drive Union NJ 07083'),(3,'Sam3','3 Test drive Union NJ 07083'),(4,'BJ1','1 Park Ave Edison NJ 99999'),(5,'BJ2','2 Park Ave Edison NJ 99999'),(6,'BJ3','3 Park Ave Edison NJ 99999'),(7,'Judy1','1 West St Newark NJ 11111'),(8,'Judy2','2 West St Newark NJ 22222');
/*!40000 ALTER TABLE `Customers_Midterm` ENABLE KEYS */;
UNLOCK TABLES;

--
-- Table structure for table `Customers_demo`
--

DROP TABLE IF EXISTS `Customers_demo`;
/*!40101 SET @saved_cs_client     = @@character_set_client */;
/*!40101 SET character_set_client = utf8 */;
CREATE TABLE `Customers_demo` (
  `id` int(11) NOT NULL,
  `name` varchar(255) NOT NULL,
  `balance` float NOT NULL,
  `zipcode` varchar(12) NOT NULL,
  PRIMARY KEY (`id`),
  KEY `zipcode` (`zipcode`)
) ENGINE=InnoDB DEFAULT CHARSET=latin1;
/*!40101 SET character_set_client = @saved_cs_client */;

--
-- Dumping data for table `Customers_demo`
--

LOCK TABLES `Customers_demo` WRITE;
/*!40000 ALTER TABLE `Customers_demo` DISABLE KEYS */;
INSERT INTO `Customers_demo` VALUES (1,'Austin',1000.6,'07522'),(2,'test',1000.6,'07522'),(3,'Mary',1000.6,'07522'),(4,'Sam',1000.6,'07522');
/*!40000 ALTER TABLE `Customers_demo` ENABLE KEYS */;
UNLOCK TABLES;

--
-- Table structure for table `Department`
--

DROP TABLE IF EXISTS `Department`;
/*!40101 SET @saved_cs_client     = @@character_set_client */;
/*!40101 SET character_set_client = utf8 */;
CREATE TABLE `Department` (
  `deptNo` int(11) NOT NULL,
  `deptName` varchar(50) DEFAULT NULL,
  `mgrEmpNo` varchar(35) DEFAULT NULL,
  PRIMARY KEY (`deptNo`)
) ENGINE=InnoDB DEFAULT CHARSET=latin1;
/*!40101 SET character_set_client = @saved_cs_client */;

--
-- Dumping data for table `Department`
--

LOCK TABLES `Department` WRITE;
/*!40000 ALTER TABLE `Department` DISABLE KEYS */;
/*!40000 ALTER TABLE `Department` ENABLE KEYS */;
UNLOCK TABLES;

--
-- Table structure for table `Employee`
--

DROP TABLE IF EXISTS `Employee`;
/*!40101 SET @saved_cs_client     = @@character_set_client */;
/*!40101 SET character_set_client = utf8 */;
CREATE TABLE `Employee` (
  `E_ID` int(11) NOT NULL,
  `Name` varchar(20) DEFAULT NULL,
  `Dept` varchar(20) DEFAULT NULL,
  `Salary` float DEFAULT NULL,
  `L_ID` int(11) DEFAULT NULL,
  PRIMARY KEY (`E_ID`)
) ENGINE=InnoDB DEFAULT CHARSET=latin1;
/*!40101 SET character_set_client = @saved_cs_client */;

--
-- Dumping data for table `Employee`
--

LOCK TABLES `Employee` WRITE;
/*!40000 ALTER TABLE `Employee` DISABLE KEYS */;
INSERT INTO `Employee` VALUES (1,'Austin','IT',50000,1),(2,'Mary','HR',45000,3),(3,'Sam','IT',53000,2),(4,'Andrew','Sales',42000,1);
/*!40000 ALTER TABLE `Employee` ENABLE KEYS */;
UNLOCK TABLES;

--
-- Table structure for table `FCourses`
--

DROP TABLE IF EXISTS `FCourses`;
/*!40101 SET @saved_cs_client     = @@character_set_client */;
/*!40101 SET character_set_client = utf8 */;
CREATE TABLE `FCourses` (
  `id` int(11) NOT NULL,
  `name` varchar(40) NOT NULL,
  `credits` int(11) NOT NULL,
  PRIMARY KEY (`id`)
) ENGINE=InnoDB DEFAULT CHARSET=latin1;
/*!40101 SET character_set_client = @saved_cs_client */;

--
-- Dumping data for table `FCourses`
--

LOCK TABLES `FCourses` WRITE;
/*!40000 ALTER TABLE `FCourses` DISABLE KEYS */;
INSERT INTO `FCourses` VALUES (2231,'Java',4),(2232,'Structure',4),(3500,'Web',3),(3740,'Database',3);
/*!40000 ALTER TABLE `FCourses` ENABLE KEYS */;
UNLOCK TABLES;

--
-- Table structure for table `FPrices`
--

DROP TABLE IF EXISTS `FPrices`;
/*!40101 SET @saved_cs_client     = @@character_set_client */;
/*!40101 SET character_set_client = utf8 */;
CREATE TABLE `FPrices` (
  `year` int(11) NOT NULL,
  `credit_price` int(11) NOT NULL,
  PRIMARY KEY (`year`)
) ENGINE=InnoDB DEFAULT CHARSET=latin1;
/*!40101 SET character_set_client = @saved_cs_client */;

--
-- Dumping data for table `FPrices`
--

LOCK TABLES `FPrices` WRITE;
/*!40000 ALTER TABLE `FPrices` DISABLE KEYS */;
INSERT INTO `FPrices` VALUES (2011,100),(2012,110),(2013,120),(2014,130),(2015,140);
/*!40000 ALTER TABLE `FPrices` ENABLE KEYS */;
UNLOCK TABLES;

--
-- Table structure for table `FStudent_Course`
--

DROP TABLE IF EXISTS `FStudent_Course`;
/*!40101 SET @saved_cs_client     = @@character_set_client */;
/*!40101 SET character_set_client = utf8 */;
CREATE TABLE `FStudent_Course` (
  `student_id` int(11) NOT NULL,
  `course_id` int(11) NOT NULL,
  `year` int(11) NOT NULL,
  KEY `student_id` (`student_id`),
  KEY `course_id` (`course_id`)
) ENGINE=InnoDB DEFAULT CHARSET=latin1;
/*!40101 SET character_set_client = @saved_cs_client */;

--
-- Dumping data for table `FStudent_Course`
--

LOCK TABLES `FStudent_Course` WRITE;
/*!40000 ALTER TABLE `FStudent_Course` DISABLE KEYS */;
INSERT INTO `FStudent_Course` VALUES (101,3740,2014),(102,2231,2012),(103,2232,2013),(104,3740,2013),(102,2231,2013),(101,2232,2013);
/*!40000 ALTER TABLE `FStudent_Course` ENABLE KEYS */;
UNLOCK TABLES;

--
-- Table structure for table `FStudents`
--

DROP TABLE IF EXISTS `FStudents`;
/*!40101 SET @saved_cs_client     = @@character_set_client */;
/*!40101 SET character_set_client = utf8 */;
CREATE TABLE `FStudents` (
  `id` int(11) NOT NULL,
  `name` varchar(40) NOT NULL,
  `zipcode` varchar(20) NOT NULL,
  PRIMARY KEY (`id`)
) ENGINE=InnoDB DEFAULT CHARSET=latin1;
/*!40101 SET character_set_client = @saved_cs_client */;

--
-- Dumping data for table `FStudents`
--

LOCK TABLES `FStudents` WRITE;
/*!40000 ALTER TABLE `FStudents` DISABLE KEYS */;
INSERT INTO `FStudents` VALUES (101,'Grant','07080'),(102,'Mary','07083'),(103,'Sam','07080'),(104,'Brian','07082');
/*!40000 ALTER TABLE `FStudents` ENABLE KEYS */;
UNLOCK TABLES;

--
-- Table structure for table `Guest`
--

DROP TABLE IF EXISTS `Guest`;
/*!40101 SET @saved_cs_client     = @@character_set_client */;
/*!40101 SET character_set_client = utf8 */;
CREATE TABLE `Guest` (
  `guestno` decimal(5,0) NOT NULL DEFAULT 0,
  `guestname` varchar(20) DEFAULT NULL,
  `guestaddress` varchar(50) DEFAULT NULL,
  PRIMARY KEY (`guestno`)
) ENGINE=InnoDB DEFAULT CHARSET=latin1;
/*!40101 SET character_set_client = @saved_cs_client */;

--
-- Dumping data for table `Guest`
--

LOCK TABLES `Guest` WRITE;
/*!40000 ALTER TABLE `Guest` DISABLE KEYS */;
INSERT INTO `Guest` VALUES (10001,'John Kay','56 High St, London'),(10002,'Mike Ritchie','18 Tain St, London'),(10003,'Mary Tregear','5 Tarbot Rd, Aberdeen'),(10004,'Joe Keogh','2 Fergus Dr, Aberdeen'),(10005,'Carol Farrel','6 Achray St, Glasgow'),(10006,'Tina Murphy','63 Well St, Glasgow'),(10007,'Tony Shaw','12 Park Pl, Glasgow');
/*!40000 ALTER TABLE `Guest` ENABLE KEYS */;
UNLOCK TABLES;

--
-- Table structure for table `Hotel`
--

DROP TABLE IF EXISTS `Hotel`;
/*!40101 SET @saved_cs_client     = @@character_set_client */;
/*!40101 SET character_set_client = utf8 */;
CREATE TABLE `Hotel` (
  `hotelno` varchar(10) NOT NULL DEFAULT '',
  `hotelname` varchar(20) NOT NULL DEFAULT '',
  `city` varchar(20) NOT NULL DEFAULT '',
  PRIMARY KEY (`hotelno`)
) ENGINE=InnoDB DEFAULT CHARSET=latin1;
/*!40101 SET character_set_client = @saved_cs_client */;

--
-- Dumping data for table `Hotel`
--

LOCK TABLES `Hotel` WRITE;
/*!40000 ALTER TABLE `Hotel` DISABLE KEYS */;
INSERT INTO `Hotel` VALUES ('ch01','Omni Shoreham','London'),('ch02','Phoenix Park','London'),('dc01','Latham','Berlin'),('fb01','Grosvenor','London'),('fb02','Watergate','Paris');
/*!40000 ALTER TABLE `Hotel` ENABLE KEYS */;
UNLOCK TABLES;

--
-- Table structure for table `Location`
--

DROP TABLE IF EXISTS `Location`;
/*!40101 SET @saved_cs_client     = @@character_set_client */;
/*!40101 SET character_set_client = utf8 */;
CREATE TABLE `Location` (
  `L_ID` int(11) NOT NULL,
  `Building` varchar(20) DEFAULT NULL,
  `Floor` int(11) DEFAULT NULL,
  `Room` varchar(20) DEFAULT NULL,
  PRIMARY KEY (`L_ID`)
) ENGINE=InnoDB DEFAULT CHARSET=latin1;
/*!40101 SET character_set_client = @saved_cs_client */;

--
-- Dumping data for table `Location`
--

LOCK TABLES `Location` WRITE;
/*!40000 ALTER TABLE `Location` DISABLE KEYS */;
INSERT INTO `Location` VALUES (1,'Willis',4,'406K'),(2,'UC',1,NULL),(3,'Admin',2,NULL),(4,'Willis',2,NULL),(5,'Admin',1,NULL);
/*!40000 ALTER TABLE `Location` ENABLE KEYS */;
UNLOCK TABLES;

--
-- Table structure for table `Money2_demo`
--

DROP TABLE IF EXISTS `Money2_demo`;
/*!40101 SET @saved_cs_client     = @@character_set_client */;
/*!40101 SET character_set_client = utf8 */;
CREATE TABLE `Money2_demo` (
  `id` int(11) NOT NULL AUTO_INCREMENT,
  `code` varchar(50) DEFAULT NULL,
  `cid` int(11) NOT NULL,
  `type` char(1) NOT NULL,
  `amount` float NOT NULL,
  `mydatetime` datetime NOT NULL,
  `sid` int(11) DEFAULT NULL,
  `note` varchar(255) DEFAULT NULL,
  PRIMARY KEY (`id`),
  UNIQUE KEY `code` (`code`),
  KEY `cid` (`cid`),
  KEY `sid` (`sid`),
  CONSTRAINT `Money2_demo_ibfk_1` FOREIGN KEY (`cid`) REFERENCES `Customers` (`id`),
  CONSTRAINT `Money2_demo_ibfk_2` FOREIGN KEY (`sid`) REFERENCES `Sources` (`id`)
) ENGINE=InnoDB AUTO_INCREMENT=752 DEFAULT CHARSET=latin1;
/*!40101 SET character_set_client = @saved_cs_client */;

--
-- Dumping data for table `Money2_demo`
--

LOCK TABLES `Money2_demo` WRITE;
/*!40000 ALTER TABLE `Money2_demo` DISABLE KEYS */;
INSERT INTO `Money2_demo` VALUES (648,'test1',3,'D',200,'2022-11-15 13:10:03',1,'testing ith'),(671,'ghjk4',3,'D',560,'2022-11-15 18:31:03',2,'delete and edit'),(678,'ge',4,'D',200,'2022-11-12 22:21:35',2,''),(681,'nfn',4,'D',10,'2022-11-12 22:41:40',2,''),(684,'sfd',4,'D',10,'2022-11-12 22:54:37',3,''),(687,'vfdv',4,'W',30,'2022-11-18 00:09:20',3,'hello'),(690,'684',4,'D',13,'2022-11-13 14:08:32',1,''),(691,'678',4,'W',111,'2022-11-13 15:11:34',1,''),(707,'101',3,'W',10,'2022-11-18 08:12:23',3,'e'),(711,'qqwr',2,'W',1,'2022-12-10 17:27:10',2,'tttttt'),(722,'ggg',2,'D',100,'2022-11-21 22:32:48',4,'vd'),(726,'hr',2,'D',64,'2022-11-22 16:24:58',3,'Knicks'),(727,'hr4',2,'D',400,'2022-11-21 23:52:35',3,''),(739,'1111',2,'D',1000,'2022-11-22 13:21:07',4,'tutoring direct deposit'),(742,'yerrrrr',1,'W',3,'2022-11-23 20:58:10',2,'hahahahaha'),(743,'r',1,'D',3,'2022-11-23 20:58:10',2,'yoooo'),(744,'44444',3,'D',10000,'2022-11-23 08:19:07',3,'insurance check'),(746,'n',1,'D',1000000,'2022-11-29 14:35:04',1,'test'),(747,'srggw',2,'D',222222,'2022-12-10 17:27:32',1,'ff'),(748,'005',1,'D',100,'2022-12-12 13:32:13',3,'new note'),(749,'huang',1,'D',120,'2022-12-12 16:53:42',2,'sleep'),(750,'953187',1,'D',10000,'2022-12-13 14:19:49',3,'helo'),(751,'051236',1,'W',10000,'2022-12-13 14:20:34',1,'helo');
/*!40000 ALTER TABLE `Money2_demo` ENABLE KEYS */;
UNLOCK TABLES;

--
-- Table structure for table `Money_demo`
--

DROP TABLE IF EXISTS `Money_demo`;
/*!40101 SET @saved_cs_client     = @@character_set_client */;
/*!40101 SET character_set_client = utf8 */;
CREATE TABLE `Money_demo` (
  `id` int(11) NOT NULL AUTO_INCREMENT,
  `code` varchar(50) DEFAULT NULL,
  `cid` int(11) NOT NULL,
  `sid` int(11) DEFAULT NULL,
  `type` char(1) NOT NULL,
  `amount` float NOT NULL,
  `mydatetime` datetime NOT NULL,
  `note` varchar(255) DEFAULT NULL,
  PRIMARY KEY (`id`),
  UNIQUE KEY `code` (`code`),
  KEY `cid` (`cid`),
  CONSTRAINT `Money_demo_ibfk_1` FOREIGN KEY (`cid`) REFERENCES `Customers` (`id`)
) ENGINE=InnoDB AUTO_INCREMENT=5 DEFAULT CHARSET=latin1;
/*!40101 SET character_set_client = @saved_cs_client */;

--
-- Dumping data for table `Money_demo`
--

LOCK TABLES `Money_demo` WRITE;
/*!40000 ALTER TABLE `Money_demo` DISABLE KEYS */;
INSERT INTO `Money_demo` VALUES (1,'xy001',1,2,'D',4000,'2020-08-08 22:50:28','Manually inserted'),(2,'xy002',1,1,'W',2000,'2020-08-08 22:50:33','Manually inserted'),(3,'xy003',2,2,'D',3000,'2020-08-08 22:50:22','Manually inserted'),(4,'xy004',2,4,'W',1000,'2020-08-08 22:50:39','Manually inserted');
/*!40000 ALTER TABLE `Money_demo` ENABLE KEYS */;
UNLOCK TABLES;

--
-- Table structure for table `Person`
--

DROP TABLE IF EXISTS `Person`;
/*!40101 SET @saved_cs_client     = @@character_set_client */;
/*!40101 SET character_set_client = utf8 */;
CREATE TABLE `Person` (
  `id` int(11) DEFAULT NULL,
  `Email` varchar(100) DEFAULT NULL
) ENGINE=InnoDB DEFAULT CHARSET=latin1;
/*!40101 SET character_set_client = @saved_cs_client */;

--
-- Dumping data for table `Person`
--

LOCK TABLES `Person` WRITE;
/*!40000 ALTER TABLE `Person` DISABLE KEYS */;
INSERT INTO `Person` VALUES (1,'a@xyz.com'),(2,'b@ccc.com'),(3,'a@xyz.com');
/*!40000 ALTER TABLE `Person` ENABLE KEYS */;
UNLOCK TABLES;

--
-- Table structure for table `Products`
--

DROP TABLE IF EXISTS `Products`;
/*!40101 SET @saved_cs_client     = @@character_set_client */;
/*!40101 SET character_set_client = utf8 */;
CREATE TABLE `Products` (
  `P_Id` int(11) NOT NULL,
  `Name` varchar(200) DEFAULT NULL,
  `Price` float DEFAULT NULL,
  `Quantity` int(11) DEFAULT NULL,
  `V_Id` int(11) NOT NULL,
  PRIMARY KEY (`P_Id`),
  KEY `V_Id` (`V_Id`)
) ENGINE=InnoDB DEFAULT CHARSET=latin1;
/*!40101 SET character_set_client = @saved_cs_client */;

--
-- Dumping data for table `Products`
--

LOCK TABLES `Products` WRITE;
/*!40000 ALTER TABLE `Products` DISABLE KEYS */;
INSERT INTO `Products` VALUES (2001,'iPod',200,11,1002),(2002,'chair',25,13,1001),(2003,'table',30,7,1001),(2004,'Bell',10,9,1003);
/*!40000 ALTER TABLE `Products` ENABLE KEYS */;
UNLOCK TABLES;

--
-- Table structure for table `Products_Midterm`
--

DROP TABLE IF EXISTS `Products_Midterm`;
/*!40101 SET @saved_cs_client     = @@character_set_client */;
/*!40101 SET character_set_client = utf8 */;
CREATE TABLE `Products_Midterm` (
  `id` int(11) NOT NULL,
  `Name` varchar(200) DEFAULT NULL,
  `sell_Price` float DEFAULT NULL,
  `cost` float DEFAULT NULL,
  `Quantity` int(11) DEFAULT NULL,
  PRIMARY KEY (`id`)
) ENGINE=InnoDB DEFAULT CHARSET=latin1;
/*!40101 SET character_set_client = @saved_cs_client */;

--
-- Dumping data for table `Products_Midterm`
--

LOCK TABLES `Products_Midterm` WRITE;
/*!40000 ALTER TABLE `Products_Midterm` DISABLE KEYS */;
INSERT INTO `Products_Midterm` VALUES (2001,'iPod',200,100,10),(2002,'chair',60,30,12),(2003,'chair',90,50,8),(2004,'TV',400,250,12),(2005,'book1',20,10,7),(2006,'book2',25,15,12),(2007,'toy1',15,5,22),(2008,'toy2',25,15,12);
/*!40000 ALTER TABLE `Products_Midterm` ENABLE KEYS */;
UNLOCK TABLES;

--
-- Table structure for table `Products_Order`
--

DROP TABLE IF EXISTS `Products_Order`;
/*!40101 SET @saved_cs_client     = @@character_set_client */;
/*!40101 SET character_set_client = utf8 */;
CREATE TABLE `Products_Order` (
  `Product_ID` int(11) DEFAULT NULL,
  `Product_name` varchar(200) DEFAULT NULL,
  `Product_price` float DEFAULT NULL,
  `order_quantity` int(11) DEFAULT NULL,
  `customer_name` varchar(50) DEFAULT NULL,
  `customer_address` varchar(100) DEFAULT NULL,
  `customer_zipcode` varchar(15) DEFAULT NULL,
  `customer_state` char(2) DEFAULT NULL
) ENGINE=InnoDB DEFAULT CHARSET=latin1;
/*!40101 SET character_set_client = @saved_cs_client */;

--
-- Dumping data for table `Products_Order`
--

LOCK TABLES `Products_Order` WRITE;
/*!40000 ALTER TABLE `Products_Order` DISABLE KEYS */;
INSERT INTO `Products_Order` VALUES (1,'iPod',100,1,'Austin','1000 Morris Ave, Union','07083','NJ'),(1,'computer',400,1,'Austin','1000 Morris Ave, Union','07083','NJ'),(1,'iPhone',300,10,'Mary','1000 Central Ave, Newark','07101','CA'),(1,'pen',3,10,'Mary','1000 Central Ave, Newark','07101','CA'),(1,'chair',30,1,'Mary','1000 Central Ave, Newark','07101','CA'),(1,'Camera',140,1,'John','1000 Morris Ave, Union','07083','NJ'),(1,'iPad',200,1,'Sam','100 Union Ave, Edison','07101','TX'),(1,'battery',8,10,'Sam','100 Union Ave, Edison','07101','TX'),(1,'desk',20,2,'Simon','1000 Morris Ave, Union','00000','NJ'),(1,'monitor',100,1,'Simon','1000 Morris Ave, Union','00000','NJ');
/*!40000 ALTER TABLE `Products_Order` ENABLE KEYS */;
UNLOCK TABLES;

--
-- Table structure for table `Products_demo`
--

DROP TABLE IF EXISTS `Products_demo`;
/*!40101 SET @saved_cs_client     = @@character_set_client */;
/*!40101 SET character_set_client = utf8 */;
CREATE TABLE `Products_demo` (
  `id` int(11) NOT NULL AUTO_INCREMENT,
  `name` varchar(255) NOT NULL,
  `description` varchar(255) NOT NULL,
  `sell_price` float NOT NULL,
  `cost` float NOT NULL,
  `quantity` int(11) NOT NULL,
  `user_id` int(11) NOT NULL,
  `vendor_id` int(11) NOT NULL,
  PRIMARY KEY (`id`),
  KEY `user_id` (`user_id`),
  KEY `vendor_id` (`vendor_id`)
) ENGINE=InnoDB AUTO_INCREMENT=147 DEFAULT CHARSET=latin1;
/*!40101 SET character_set_client = @saved_cs_client */;

--
-- Dumping data for table `Products_demo`
--

LOCK TABLES `Products_demo` WRITE;
/*!40000 ALTER TABLE `Products_demo` DISABLE KEYS */;
INSERT INTO `Products_demo` VALUES (3,'p1','game 225',200,100,21,7,1002),(5,'p3','5 new2',5,2,71,9,1004),(6,'p4','game',120,100,808,9,1003),(7,'p5','product 59a4',50,14,3,9,1002),(8,'ipad','ipad air 2',600,400,32,3,1002),(9,'car','Honda civic',200,100,7,3,1004),(58,'test3','new test',400,100,50,3,1001),(59,'cat','cat',20.9,16,5,7,1002),(60,'cars','cars',24,22,3,3,1002),(61,'nissan','car',50,24,1,9,1002),(62,'test','test3',200,100,5,3,1002),(63,'truck','nissan new',50,45,5,3,1001),(64,'iPhone','iPhone 7',905,400,5,3,1006),(65,'p6','PS4',200,150,10,3,1001),(66,'toy','fun',20,15,1,3,1003),(67,'123','123',123,121,12,3,1001),(68,'adsdf','letters',4,3,7,7,1001),(69,'xbox','game',888,300,10,9,1001),(70,'galaxy','phone',650,400,2,3,1002),(71,'toys','toy',20,15,1,3,1001),(72,'car toy','toyh',20,15,3,3,1001),(73,'as','as',23,2,20,10,1005),(74,'dress','pink new update',22,20,4,3,1001),(75,'P8','l',75,45,35,3,1003),(76,'as1234','asas',2,1,1,3,1001),(77,'PS4','game console',400,100,57,3,1001),(78,'test10','this is a test',40,6,4,3,1001),(79,'apple','fruit',3,1,15,3,1007),(80,'funko pop','collectible ',14.99,12.99,3,7,1001),(81,'test11','2k2k',5.9,3.2,8,7,1002),(82,'s2s','w2',23,21,13,3,1001),(83,'ogn','ngo',5,2,29,7,1003),(84,'test4','test4',29,8,28,3,1003),(85,'tv','watch tv',100,45,1,3,1001),(86,'tv8','watch tv',200,120,3,3,1001),(87,'tv9','watch tv',250,100,8,3,1001),(88,'book7','read',10,5,6,3,1001),(89,'book4','read',10,4,1,3,1001),(90,'book3','read',10,5,2,3,1001),(91,'ipod','36gb',360,350,1,3,1002),(92,'p9','test',40,30,40,9,1001),(93,'pencil #3','yellow #3 pencil',1.5,1,11,10,1006),(94,'guitar','musical instrument',100,50,3,3,1001),(95,'guitar1','musical instrument',123,90,3,3,1001),(96,'flash drive','8 gb',20,15,12,10,1002),(97,'test_panda','this',100,99,2,3,1002),(98,'test_panda2','Zeebers',888,883,90,3,1002),(99,'pen','blue ink',9,4,87,7,1001),(100,'macbook pro','laptop',15000,14000,3,3,1008),(101,'piano','Grand',19,8,90,9,1003),(102,'inconspicuous apple','magical',9000.01,3.59,100,7,1008),(103,'gum','gum',20,19.99,8,7,1004),(104,'Beats','headphones',250,175,2,7,1002),(105,'test2','test#2',20,9,2,7,1009),(106,'Test08','test',9,8,9,7,1001),(107,'12','123',22,4,1,3,1001),(108,'Xbox360','video game console',150,50,2,3,1001),(109,'car 2','jeep6',600,250,1,3,1001),(110,'xx','xxxxx',222,30,2,7,1002),(111,'Xbox One','Video game console test',150,50,2,10,1006),(112,'test test ','9wqn',999,99.9,88,7,1001),(113,'a','2',6,5,1,10,1001),(114,'jiji22','djaio 123hi9',29.99,19.99,123,7,1007),(115,'aa','2',5,4,1,7,1001),(116,'car 3','honda',800,600,1,3,1001),(117,'car 4','sdfg',800,10,17,10,1001),(118,'tv2','sony',250,22,3,3,1004),(119,'drone','p[ppp',1000,50,9,9,1001),(120,' ',' f',1000,50,5,10,1001),(121,'null',' mm',1000,50,5,3,1001),(122,'toy10','flying ',100,50,10,10,1001),(123,'zhuge','sb',55,5,1,10,1001),(124,'maaaaaaa','as',4,1,3,3,1001),(125,'ff','ff',66,5,55,3,1001),(126,'111','a',1111,111,111,10,1001),(127,'5','7',68,46,2,9,1001),(128,'gc','test',334,56,4,9,1001),(129,'1','1',2,1,1,3,1001),(130,'andreww','test44',9999,6324,11,7,1001),(131,'pad','44',60,50,10,7,1001),(132,'qwe','a44',50,13,10,7,1001),(133,'test087','test',2,1,3,3,1001),(134,'Megaphone','ddddddd',100,50,2,7,1002),(135,'3','3',33,3,3,3,1001),(136,'lightsaber','red',20000,1000,1,7,1001),(137,'1ws','1',2,1,1,7,1001),(138,'test33','poop',6,1,8,7,1001),(139,'test333','new test 2',6,1,8,10,1001),(140,'Pancreas','Organs',99,88,9,7,1011),(141,'tttt','pppppp',60,7,3,10,1001),(142,'asdf','asdf',8,7,9,10,1001),(143,'hhhh','a',10,7,2,10,1006),(144,'tt','e',8,6,5,10,1006),(145,'aaaa','d',0.02,0.01,5,7,1001),(146,'aaaaa','d',0.02,0.01,23,7,1001);
/*!40000 ALTER TABLE `Products_demo` ENABLE KEYS */;
UNLOCK TABLES;

--
-- Table structure for table `Products_final`
--

DROP TABLE IF EXISTS `Products_final`;
/*!40101 SET @saved_cs_client     = @@character_set_client */;
/*!40101 SET character_set_client = utf8 */;
CREATE TABLE `Products_final` (
  `id` int(11) NOT NULL AUTO_INCREMENT,
  `name` varchar(20) DEFAULT NULL,
  `description` varchar(100) DEFAULT NULL,
  `sell_price` float DEFAULT NULL,
  `cost` float DEFAULT NULL,
  `quantity` int(11) DEFAULT NULL,
  `user_id` int(11) DEFAULT NULL,
  `vendor_id` int(11) DEFAULT NULL,
  PRIMARY KEY (`id`),
  KEY `user_id` (`user_id`),
  KEY `vendor_id` (`vendor_id`)
) ENGINE=InnoDB AUTO_INCREMENT=8 DEFAULT CHARSET=latin1;
/*!40101 SET character_set_client = @saved_cs_client */;

--
-- Dumping data for table `Products_final`
--

LOCK TABLES `Products_final` WRITE;
/*!40000 ALTER TABLE `Products_final` DISABLE KEYS */;
INSERT INTO `Products_final` VALUES (1,'iPad','Apple iPad 3',300,200,3,1,1002),(2,'iPhone','Apple iPhone 6',500,300,5,1,1002),(3,'camera','Sony camera',200,100,3,2,1004),(4,'TV1',' LED TV 32 inches',300,200,4,3,1004),(5,'TV2','LED TV 60 inches',700,400,2,2,1003),(6,'Book','Database textbook',100,40,30,3,1003),(7,'PC','Dell Computer',450,300,3,3,1005);
/*!40000 ALTER TABLE `Products_final` ENABLE KEYS */;
UNLOCK TABLES;

--
-- Table structure for table `Project`
--

DROP TABLE IF EXISTS `Project`;
/*!40101 SET @saved_cs_client     = @@character_set_client */;
/*!40101 SET character_set_client = utf8 */;
CREATE TABLE `Project` (
  `projNo` varchar(24) NOT NULL,
  `projName` varchar(40) DEFAULT NULL,
  `deptNo` varchar(10) DEFAULT NULL,
  PRIMARY KEY (`projNo`)
) ENGINE=InnoDB DEFAULT CHARSET=latin1;
/*!40101 SET character_set_client = @saved_cs_client */;

--
-- Dumping data for table `Project`
--

LOCK TABLES `Project` WRITE;
/*!40000 ALTER TABLE `Project` DISABLE KEYS */;
/*!40000 ALTER TABLE `Project` ENABLE KEYS */;
UNLOCK TABLES;

--
-- Table structure for table `Reviews_Midterm`
--

DROP TABLE IF EXISTS `Reviews_Midterm`;
/*!40101 SET @saved_cs_client     = @@character_set_client */;
/*!40101 SET character_set_client = utf8 */;
CREATE TABLE `Reviews_Midterm` (
  `p_id` int(11) NOT NULL,
  `comments` varchar(255) DEFAULT NULL,
  `rating` int(11) NOT NULL,
  `date` date NOT NULL,
  `c_id` int(11) NOT NULL,
  PRIMARY KEY (`p_id`,`c_id`),
  KEY `c_id` (`c_id`)
) ENGINE=InnoDB DEFAULT CHARSET=latin1;
/*!40101 SET character_set_client = @saved_cs_client */;

--
-- Dumping data for table `Reviews_Midterm`
--

LOCK TABLES `Reviews_Midterm` WRITE;
/*!40000 ALTER TABLE `Reviews_Midterm` DISABLE KEYS */;
INSERT INTO `Reviews_Midterm` VALUES (2005,'the best book',10,'2015-01-01',1),(2005,'just ok',5,'2013-01-01',2),(2005,'not bad',7,'2013-01-01',3),(2007,'not worth',2,'2014-11-01',2),(2007,'ok',5,'2014-12-01',3),(2007,'not safe',1,'2014-11-01',4),(2008,'',5,'2014-11-01',1),(2008,'good product',8,'2015-02-01',2),(2008,'like it',7,'2013-11-01',3),(2008,'ok',5,'2015-02-11',4);
/*!40000 ALTER TABLE `Reviews_Midterm` ENABLE KEYS */;
UNLOCK TABLES;

--
-- Table structure for table `Room`
--

DROP TABLE IF EXISTS `Room`;
/*!40101 SET @saved_cs_client     = @@character_set_client */;
/*!40101 SET character_set_client = utf8 */;
CREATE TABLE `Room` (
  `roomno` decimal(5,0) NOT NULL DEFAULT 0,
  `hotelno` varchar(10) NOT NULL DEFAULT '',
  `type` varchar(10) DEFAULT NULL,
  `price` decimal(5,2) DEFAULT NULL,
  PRIMARY KEY (`roomno`,`hotelno`),
  KEY `hotelno` (`hotelno`),
  CONSTRAINT `Room_ibfk_1` FOREIGN KEY (`hotelno`) REFERENCES `Hotel` (`hotelno`)
) ENGINE=InnoDB DEFAULT CHARSET=latin1;
/*!40101 SET character_set_client = @saved_cs_client */;

--
-- Dumping data for table `Room`
--

LOCK TABLES `Room` WRITE;
/*!40000 ALTER TABLE `Room` DISABLE KEYS */;
INSERT INTO `Room` VALUES (501,'fb01','single',10.00),(601,'fb01','double',10.00),(701,'ch02','single',10.00),(701,'fb01','family',39.00),(801,'ch02','double',15.00),(901,'dc01','single',18.00),(1001,'ch01','single',29.99),(1001,'dc01','double',30.00),(1001,'fb02','single',58.00),(1101,'ch01','family',59.99),(1101,'dc01','family',35.00),(1101,'fb02','double',86.00),(2222,'ch02','new',86.00);
/*!40000 ALTER TABLE `Room` ENABLE KEYS */;
UNLOCK TABLES;

--
-- Table structure for table `Sales_Midterm`
--

DROP TABLE IF EXISTS `Sales_Midterm`;
/*!40101 SET @saved_cs_client     = @@character_set_client */;
/*!40101 SET character_set_client = utf8 */;
CREATE TABLE `Sales_Midterm` (
  `id` int(11) NOT NULL DEFAULT 0,
  `p_id` int(11) DEFAULT NULL,
  `QTY` int(11) DEFAULT NULL,
  `c_id` int(11) DEFAULT NULL,
  PRIMARY KEY (`id`),
  KEY `c_id` (`c_id`),
  KEY `p_id` (`p_id`),
  CONSTRAINT `Sales_Midterm_ibfk_1` FOREIGN KEY (`c_id`) REFERENCES `Customers_Midterm` (`id`),
  CONSTRAINT `Sales_Midterm_ibfk_2` FOREIGN KEY (`p_id`) REFERENCES `Products_Midterm` (`id`)
) ENGINE=InnoDB DEFAULT CHARSET=latin1;
/*!40101 SET character_set_client = @saved_cs_client */;

--
-- Dumping data for table `Sales_Midterm`
--

LOCK TABLES `Sales_Midterm` WRITE;
/*!40000 ALTER TABLE `Sales_Midterm` DISABLE KEYS */;
INSERT INTO `Sales_Midterm` VALUES (1,2001,2,1),(2,2008,1,4),(3,2004,3,4),(4,2005,NULL,7);
/*!40000 ALTER TABLE `Sales_Midterm` ENABLE KEYS */;
UNLOCK TABLES;

--
-- Table structure for table `Sources`
--

DROP TABLE IF EXISTS `Sources`;
/*!40101 SET @saved_cs_client     = @@character_set_client */;
/*!40101 SET character_set_client = utf8 */;
CREATE TABLE `Sources` (
  `id` int(11) NOT NULL,
  `name` varchar(20) NOT NULL,
  PRIMARY KEY (`id`)
) ENGINE=InnoDB DEFAULT CHARSET=latin1;
/*!40101 SET character_set_client = @saved_cs_client */;

--
-- Dumping data for table `Sources`
--

LOCK TABLES `Sources` WRITE;
/*!40000 ALTER TABLE `Sources` DISABLE KEYS */;
INSERT INTO `Sources` VALUES (1,'ATM'),(2,'Online'),(3,'Branch'),(4,'Wired'),(5,'New11'),(6,'Mobile');
/*!40000 ALTER TABLE `Sources` ENABLE KEYS */;
UNLOCK TABLES;

--
-- Table structure for table `Staff`
--

DROP TABLE IF EXISTS `Staff`;
/*!40101 SET @saved_cs_client     = @@character_set_client */;
/*!40101 SET character_set_client = utf8 */;
CREATE TABLE `Staff` (
  `staffNo` varchar(5) NOT NULL,
  `fName` varchar(15) NOT NULL,
  `lName` varchar(15) NOT NULL,
  `position` varchar(25) DEFAULT NULL,
  `sex` char(1) DEFAULT NULL,
  `DOB` date DEFAULT NULL,
  `salary` decimal(8,2) DEFAULT NULL,
  `branchNo` varchar(8) DEFAULT NULL,
  `managerNo` varchar(5) DEFAULT NULL,
  PRIMARY KEY (`staffNo`),
  UNIQUE KEY `staff_name_index` (`lName`,`fName`),
  KEY `staff_DOB_index` (`DOB`),
  KEY `branchNo` (`branchNo`),
  KEY `managerNo` (`managerNo`),
  CONSTRAINT `Staff_ibfk_1` FOREIGN KEY (`branchNo`) REFERENCES `Branch` (`branchNo`),
  CONSTRAINT `Staff_ibfk_2` FOREIGN KEY (`managerNo`) REFERENCES `Staff` (`staffNo`)
) ENGINE=InnoDB DEFAULT CHARSET=latin1;
/*!40101 SET character_set_client = @saved_cs_client */;

--
-- Dumping data for table `Staff`
--

LOCK TABLES `Staff` WRITE;
/*!40000 ALTER TABLE `Staff` DISABLE KEYS */;
INSERT INTO `Staff` VALUES ('SA9','Mary','Howe','Assistant','F','1970-02-19',9000.00,'B007','SG14'),('SG14','David','Ford','Supervisor','M','1958-03-24',18000.00,'B003','SG5'),('SG37','Ann','Beech','Assistant','F','1960-11-10',12000.00,'B003','SL21'),('SG5','Susan','Brand','Manager','F','1940-06-03',24000.00,'B003','SG14'),('SL21','John','White','Manager','M','1945-10-01',30000.00,'B005','XYZ1'),('SL41','Julie','Lee','Assistant','F','1965-06-13',9000.00,'B005','XYZ1'),('XYZ1','Huang','Austin','CEO','M','1970-01-01',40000.00,'B002',NULL);
/*!40000 ALTER TABLE `Staff` ENABLE KEYS */;
UNLOCK TABLES;

--
-- Table structure for table `Stores`
--

DROP TABLE IF EXISTS `Stores`;
/*!40101 SET @saved_cs_client     = @@character_set_client */;
/*!40101 SET character_set_client = utf8 */;
CREATE TABLE `Stores` (
  `sid` int(11) NOT NULL DEFAULT 0,
  `Name` varchar(200) DEFAULT NULL,
  `Zipcode` varchar(12) DEFAULT NULL,
  `State` char(2) DEFAULT NULL,
  `city` varchar(40) DEFAULT NULL,
  `address` varchar(200) DEFAULT NULL,
  `latitude` decimal(11,8) DEFAULT NULL,
  `longitude` decimal(11,8) DEFAULT NULL,
  PRIMARY KEY (`sid`)
) ENGINE=InnoDB DEFAULT CHARSET=latin1;
/*!40101 SET character_set_client = @saved_cs_client */;

--
-- Dumping data for table `Stores`
--

LOCK TABLES `Stores` WRITE;
/*!40000 ALTER TABLE `Stores` DISABLE KEYS */;
INSERT INTO `Stores` VALUES (1002,'ABC','07811','CA','San Francisco','699 Argulello Blvd',37.75991900,-122.43502800),(1003,'Store1','07083','NJ','Union','1000 Morris Ave.',40.68121200,-74.23543200),(1005,'Store3','18104','PA','Allentown','100 Main st',40.59057700,-75.54250100),(1007,'VVV','09911','CA',NULL,NULL,NULL,NULL),(1008,'Storenew','60644','IL','Chicago','210 N Central Ave.',41.88437000,-87.76554000),(1011,'Store5','02129','MA','Boston','9 Main St.',NULL,NULL);
/*!40000 ALTER TABLE `Stores` ENABLE KEYS */;
UNLOCK TABLES;

--
-- Table structure for table `Stores2`
--

DROP TABLE IF EXISTS `Stores2`;
/*!40101 SET @saved_cs_client     = @@character_set_client */;
/*!40101 SET character_set_client = utf8 */;
CREATE TABLE `Stores2` (
  `sid` int(11) NOT NULL DEFAULT 0,
  `Name` varchar(200) DEFAULT NULL,
  `Zipcode` varchar(12) DEFAULT NULL,
  `State` char(2) DEFAULT NULL,
  `city` varchar(40) DEFAULT NULL,
  `address` varchar(200) DEFAULT NULL,
  `latitude` decimal(11,8) DEFAULT NULL,
  `longitude` decimal(11,8) DEFAULT NULL
) ENGINE=InnoDB DEFAULT CHARSET=latin1;
/*!40101 SET character_set_client = @saved_cs_client */;

--
-- Dumping data for table `Stores2`
--

LOCK TABLES `Stores2` WRITE;
/*!40000 ALTER TABLE `Stores2` DISABLE KEYS */;
INSERT INTO `Stores2` VALUES (1002,'ABC','07811','CA',NULL,NULL,NULL,NULL),(1003,'Store1','07083','NJ','Union','1000 Morris Ave.',40.68121200,-74.23543200),(1005,'QQQ','07073','NJ',NULL,NULL,NULL,NULL),(1007,'VVV','09911','CA',NULL,NULL,NULL,NULL),(1008,'Store2','60644','IL','Chicago','210 N Central Ave.',41.88437000,-87.76554000),(1009,'Store3','90013','IL','Los Angeles','6 S Central Ave.',34.04425300,-118.23933300),(1010,'Store4','98101','WA','Seattle','111 Pike St.',47.60898300,-122.33930600),(1011,'Store5','02129','MA','Boston','9 Main St.',42.37254500,-71.06181400);
/*!40000 ALTER TABLE `Stores2` ENABLE KEYS */;
UNLOCK TABLES;

--
-- Table structure for table `Student_demo`
--

DROP TABLE IF EXISTS `Student_demo`;
/*!40101 SET @saved_cs_client     = @@character_set_client */;
/*!40101 SET character_set_client = utf8 */;
CREATE TABLE `Student_demo` (
  `id` int(11) NOT NULL DEFAULT 0,
  `name` varchar(255) DEFAULT NULL,
  `zipcode` varchar(12) DEFAULT NULL,
  PRIMARY KEY (`id`)
) ENGINE=InnoDB DEFAULT CHARSET=latin1;
/*!40101 SET character_set_client = @saved_cs_client */;

--
-- Dumping data for table `Student_demo`
--

LOCK TABLES `Student_demo` WRITE;
/*!40000 ALTER TABLE `Student_demo` DISABLE KEYS */;
INSERT INTO `Student_demo` VALUES (1001,'Austin','07083'),(1002,'Grant','07021'),(1003,'Mary','07083'),(1004,'Sam','07029');
/*!40000 ALTER TABLE `Student_demo` ENABLE KEYS */;
UNLOCK TABLES;

--
-- Table structure for table `T_Employee`
--

DROP TABLE IF EXISTS `T_Employee`;
/*!40101 SET @saved_cs_client     = @@character_set_client */;
/*!40101 SET character_set_client = utf8 */;
CREATE TABLE `T_Employee` (
  `E_ID` int(11) NOT NULL,
  `Name` varchar(20) DEFAULT NULL,
  `Dept` varchar(20) DEFAULT NULL,
  `Salary` float DEFAULT NULL,
  `L_ID` int(11) DEFAULT NULL,
  PRIMARY KEY (`E_ID`)
) ENGINE=InnoDB DEFAULT CHARSET=latin1;
/*!40101 SET character_set_client = @saved_cs_client */;

--
-- Dumping data for table `T_Employee`
--

LOCK TABLES `T_Employee` WRITE;
/*!40000 ALTER TABLE `T_Employee` DISABLE KEYS */;
INSERT INTO `T_Employee` VALUES (1,'Austin','IT',50000,1),(2,'Mary','HR',45000,3),(3,'Sam','IT',53000,2),(4,'Andrew','Sales',42000,1);
/*!40000 ALTER TABLE `T_Employee` ENABLE KEYS */;
UNLOCK TABLES;

--
-- Table structure for table `T_Location`
--

DROP TABLE IF EXISTS `T_Location`;
/*!40101 SET @saved_cs_client     = @@character_set_client */;
/*!40101 SET character_set_client = utf8 */;
CREATE TABLE `T_Location` (
  `L_ID` int(11) NOT NULL,
  `Building` varchar(20) DEFAULT NULL,
  `Floor` int(11) DEFAULT NULL,
  `Room` varchar(20) DEFAULT NULL,
  PRIMARY KEY (`L_ID`)
) ENGINE=InnoDB DEFAULT CHARSET=latin1;
/*!40101 SET character_set_client = @saved_cs_client */;

--
-- Dumping data for table `T_Location`
--

LOCK TABLES `T_Location` WRITE;
/*!40000 ALTER TABLE `T_Location` DISABLE KEYS */;
INSERT INTO `T_Location` VALUES (1,'Willis',4,'406K'),(2,'UC',1,NULL),(3,'Admin',2,NULL),(4,'Willis',2,NULL),(5,'Admin',1,NULL);
/*!40000 ALTER TABLE `T_Location` ENABLE KEYS */;
UNLOCK TABLES;

--
-- Table structure for table `T_Products`
--

DROP TABLE IF EXISTS `T_Products`;
/*!40101 SET @saved_cs_client     = @@character_set_client */;
/*!40101 SET character_set_client = utf8 */;
CREATE TABLE `T_Products` (
  `P_Id` int(11) NOT NULL,
  `Name` varchar(200) DEFAULT NULL,
  `Price` float DEFAULT NULL,
  `Quantity` int(11) DEFAULT NULL,
  `V_Id` int(11) NOT NULL,
  PRIMARY KEY (`P_Id`),
  KEY `V_Id` (`V_Id`)
) ENGINE=InnoDB DEFAULT CHARSET=latin1;
/*!40101 SET character_set_client = @saved_cs_client */;

--
-- Dumping data for table `T_Products`
--

LOCK TABLES `T_Products` WRITE;
/*!40000 ALTER TABLE `T_Products` DISABLE KEYS */;
INSERT INTO `T_Products` VALUES (2001,'iPod',200,11,1002),(2002,'chair',25,13,1001),(2003,'table',30,7,1001),(2004,'Bell',10,9,1003);
/*!40000 ALTER TABLE `T_Products` ENABLE KEYS */;
UNLOCK TABLES;

--
-- Table structure for table `T_Vendors`
--

DROP TABLE IF EXISTS `T_Vendors`;
/*!40101 SET @saved_cs_client     = @@character_set_client */;
/*!40101 SET character_set_client = utf8 */;
CREATE TABLE `T_Vendors` (
  `V_Id` int(11) NOT NULL,
  `Name` varchar(200) DEFAULT NULL,
  `Zipcode` varchar(12) DEFAULT NULL,
  `State` char(2) DEFAULT NULL,
  PRIMARY KEY (`V_Id`)
) ENGINE=InnoDB DEFAULT CHARSET=latin1;
/*!40101 SET character_set_client = @saved_cs_client */;

--
-- Dumping data for table `T_Vendors`
--

LOCK TABLES `T_Vendors` WRITE;
/*!40000 ALTER TABLE `T_Vendors` DISABLE KEYS */;
INSERT INTO `T_Vendors` VALUES (1001,'James','07101','NJ'),(1002,'Grant','07811','CA'),(1003,'Wendy','07083','NJ'),(1004,'Sam','07811','NY'),(1005,'Austin','12345','TX');
/*!40000 ALTER TABLE `T_Vendors` ENABLE KEYS */;
UNLOCK TABLES;

--
-- Table structure for table `Test`
--

DROP TABLE IF EXISTS `Test`;
/*!40101 SET @saved_cs_client     = @@character_set_client */;
/*!40101 SET character_set_client = utf8 */;
CREATE TABLE `Test` (
  `id` int(11) NOT NULL,
  `pricef` float NOT NULL,
  `pricen` decimal(5,2) NOT NULL
) ENGINE=InnoDB DEFAULT CHARSET=latin1;
/*!40101 SET character_set_client = @saved_cs_client */;

--
-- Dumping data for table `Test`
--

LOCK TABLES `Test` WRITE;
/*!40000 ALTER TABLE `Test` DISABLE KEYS */;
INSERT INTO `Test` VALUES (1,0.1,0.10),(2,5,5.00),(3,4,5.00);
/*!40000 ALTER TABLE `Test` ENABLE KEYS */;
UNLOCK TABLES;

--
-- Table structure for table `Test2`
--

DROP TABLE IF EXISTS `Test2`;
/*!40101 SET @saved_cs_client     = @@character_set_client */;
/*!40101 SET character_set_client = utf8 */;
CREATE TABLE `Test2` (
  `amount` int(11) DEFAULT NULL
) ENGINE=InnoDB DEFAULT CHARSET=latin1;
/*!40101 SET character_set_client = @saved_cs_client */;

--
-- Dumping data for table `Test2`
--

LOCK TABLES `Test2` WRITE;
/*!40000 ALTER TABLE `Test2` DISABLE KEYS */;
INSERT INTO `Test2` VALUES (3),(NULL),(3);
/*!40000 ALTER TABLE `Test2` ENABLE KEYS */;
UNLOCK TABLES;

--
-- Table structure for table `Test3`
--

DROP TABLE IF EXISTS `Test3`;
/*!40101 SET @saved_cs_client     = @@character_set_client */;
/*!40101 SET character_set_client = utf8 */;
CREATE TABLE `Test3` (
  `A` int(11) DEFAULT NULL,
  `B` int(11) DEFAULT NULL,
  `C` int(11) DEFAULT NULL
) ENGINE=InnoDB DEFAULT CHARSET=latin1;
/*!40101 SET character_set_client = @saved_cs_client */;

--
-- Dumping data for table `Test3`
--

LOCK TABLES `Test3` WRITE;
/*!40000 ALTER TABLE `Test3` DISABLE KEYS */;
INSERT INTO `Test3` VALUES (1,1,1),(2,2,1),(3,1,2),(2,1,2),(2,2,3);
/*!40000 ALTER TABLE `Test3` ENABLE KEYS */;
UNLOCK TABLES;

--
-- Table structure for table `Test4`
--

DROP TABLE IF EXISTS `Test4`;
/*!40101 SET @saved_cs_client     = @@character_set_client */;
/*!40101 SET character_set_client = utf8 */;
CREATE TABLE `Test4` (
  `id` int(11) DEFAULT NULL,
  `name` varchar(3) DEFAULT NULL
) ENGINE=InnoDB DEFAULT CHARSET=latin1;
/*!40101 SET character_set_client = @saved_cs_client */;

--
-- Dumping data for table `Test4`
--

LOCK TABLES `Test4` WRITE;
/*!40000 ALTER TABLE `Test4` DISABLE KEYS */;
INSERT INTO `Test4` VALUES (1,NULL),(2,'Mar');
/*!40000 ALTER TABLE `Test4` ENABLE KEYS */;
UNLOCK TABLES;

--
-- Table structure for table `Users`
--

DROP TABLE IF EXISTS `Users`;
/*!40101 SET @saved_cs_client     = @@character_set_client */;
/*!40101 SET character_set_client = utf8 */;
CREATE TABLE `Users` (
  `id` int(11) NOT NULL AUTO_INCREMENT,
  `login` varchar(100) DEFAULT NULL,
  `password` varchar(20) DEFAULT NULL,
  `role` varchar(20) DEFAULT NULL,
  `last_name` varchar(20) DEFAULT NULL,
  `first_name` varchar(20) DEFAULT NULL,
  `address` varchar(200) DEFAULT NULL,
  `zipcode` varchar(15) DEFAULT NULL,
  `state` char(2) DEFAULT NULL,
  PRIMARY KEY (`id`)
) ENGINE=InnoDB AUTO_INCREMENT=11 DEFAULT CHARSET=latin1;
/*!40101 SET character_set_client = @saved_cs_client */;

--
-- Dumping data for table `Users`
--

LOCK TABLES `Users` WRITE;
/*!40000 ALTER TABLE `Users` DISABLE KEYS */;
INSERT INTO `Users` VALUES (1,'test','test','tester','Tester','CPS3740','1000 Morris Ave.','07083','NJ'),(2,'kean','kean','teacher','Huang','Austin','1000 Morris Ave.','07083','NJ'),(3,'panda','test','tester','Smith','Timothy','200 Union Ave.','07101','CA'),(4,'tiger','xyz123','staff','Tester','CPS3740','1000 Morris Ave.','07083','NJ'),(7,'lion','test','Staff','XYZ','CCC','33 James St','07331','NJ'),(9,'fish','test','Staff','Tester','New','99 Main St.','01011','NY'),(10,'cat','test','Staff','New2','Tester2','99 Morris Ave.','12345','NJ');
/*!40000 ALTER TABLE `Users` ENABLE KEYS */;
UNLOCK TABLES;

--
-- Table structure for table `Vendors`
--

DROP TABLE IF EXISTS `Vendors`;
/*!40101 SET @saved_cs_client     = @@character_set_client */;
/*!40101 SET character_set_client = utf8 */;
CREATE TABLE `Vendors` (
  `V_Id` int(11) NOT NULL,
  `Name` varchar(200) DEFAULT NULL,
  `Zipcode` varchar(12) DEFAULT NULL,
  `State` char(2) DEFAULT NULL,
  `city` varchar(40) DEFAULT NULL,
  `address` varchar(200) DEFAULT NULL,
  `latitude` decimal(11,8) DEFAULT NULL,
  `longitude` decimal(11,8) DEFAULT NULL,
  PRIMARY KEY (`V_Id`)
) ENGINE=InnoDB DEFAULT CHARSET=latin1;
/*!40101 SET character_set_client = @saved_cs_client */;

--
-- Dumping data for table `Vendors`
--

LOCK TABLES `Vendors` WRITE;
/*!40000 ALTER TABLE `Vendors` DISABLE KEYS */;
INSERT INTO `Vendors` VALUES (1001,'XXX','07101','NJ',NULL,NULL,NULL,NULL),(1002,'ABC','07811','CA',NULL,NULL,NULL,NULL),(1003,'CCC','07083','NJ','Union','1000 Morris Ave.',40.68121200,-74.23543200),(1004,'YYY','07073','NJ',NULL,NULL,NULL,NULL),(1005,'QQQ','07073','NJ',NULL,NULL,NULL,NULL),(1006,'MMM','07811','NY',NULL,NULL,NULL,NULL),(1007,'VVV','09911','CA',NULL,NULL,NULL,NULL),(1008,'New1','60644','IL','Chicago','210 N Central Ave.',41.88437000,-87.76554000),(1009,'New2','90013','IL','Los Angeles','6 S Central Ave.',34.04425300,-118.23933300),(1010,'New3','98101','WA','Seattle','111 Pike St.',47.60898300,-122.33930600),(1011,'Test new','02129','MA','Boston','9 Main St.',42.37254500,-71.06181400);
/*!40000 ALTER TABLE `Vendors` ENABLE KEYS */;
UNLOCK TABLES;

--
-- Table structure for table `Weather`
--

DROP TABLE IF EXISTS `Weather`;
/*!40101 SET @saved_cs_client     = @@character_set_client */;
/*!40101 SET character_set_client = utf8 */;
CREATE TABLE `Weather` (
  `Id` int(11) DEFAULT NULL,
  `RecordDate` date DEFAULT NULL,
  `Temperature` int(11) DEFAULT NULL
) ENGINE=InnoDB DEFAULT CHARSET=latin1;
/*!40101 SET character_set_client = @saved_cs_client */;

--
-- Dumping data for table `Weather`
--

LOCK TABLES `Weather` WRITE;
/*!40000 ALTER TABLE `Weather` DISABLE KEYS */;
INSERT INTO `Weather` VALUES (1,'2015-01-01',10),(2,'2015-01-02',25),(3,'2015-01-03',20),(4,'2015-01-04',30);
/*!40000 ALTER TABLE `Weather` ENABLE KEYS */;
UNLOCK TABLES;

--
-- Table structure for table `WorksOn`
--

DROP TABLE IF EXISTS `WorksOn`;
/*!40101 SET @saved_cs_client     = @@character_set_client */;
/*!40101 SET character_set_client = utf8 */;
CREATE TABLE `WorksOn` (
  `empNo` int(11) NOT NULL,
  `projNo` varchar(10) NOT NULL DEFAULT '',
  `dateWorked` varchar(255) NOT NULL DEFAULT '',
  `hoursWorked` varchar(10) DEFAULT NULL,
  PRIMARY KEY (`empNo`,`projNo`,`dateWorked`)
) ENGINE=InnoDB DEFAULT CHARSET=latin1;
/*!40101 SET character_set_client = @saved_cs_client */;

--
-- Dumping data for table `WorksOn`
--

LOCK TABLES `WorksOn` WRITE;
/*!40000 ALTER TABLE `WorksOn` DISABLE KEYS */;
/*!40000 ALTER TABLE `WorksOn` ENABLE KEYS */;
UNLOCK TABLES;

--
-- Table structure for table `Zipcode`
--

DROP TABLE IF EXISTS `Zipcode`;
/*!40101 SET @saved_cs_client     = @@character_set_client */;
/*!40101 SET character_set_client = utf8 */;
CREATE TABLE `Zipcode` (
  `zipcode` varchar(12) NOT NULL DEFAULT '',
  `city` varchar(30) DEFAULT NULL,
  `state` varchar(5) DEFAULT NULL,
  PRIMARY KEY (`zipcode`)
) ENGINE=InnoDB DEFAULT CHARSET=latin1;
/*!40101 SET character_set_client = @saved_cs_client */;

--
-- Dumping data for table `Zipcode`
--

LOCK TABLES `Zipcode` WRITE;
/*!40000 ALTER TABLE `Zipcode` DISABLE KEYS */;
INSERT INTO `Zipcode` VALUES ('07001','AVENEL','NJ'),('07005','BOONTON','NJ'),('07029','HARRISON','NJ'),('07041','MILLBURN','NJ'),('07044','VERONA','NJ'),('07065','RAHWAY','NJ'),('07066','CLARK','NJ'),('07083','UNION','NJ'),('07110','NUTLEY','NJ'),('07184','NEWARK','NJ'),('07205','HILLSIDE','NJ'),('07208','ELIZABETH','NJ'),('07522','PATERSON','NJ');
/*!40000 ALTER TABLE `Zipcode` ENABLE KEYS */;
UNLOCK TABLES;

--
-- Table structure for table `audit_Products_demo`
--

DROP TABLE IF EXISTS `audit_Products_demo`;
/*!40101 SET @saved_cs_client     = @@character_set_client */;
/*!40101 SET character_set_client = utf8 */;
CREATE TABLE `audit_Products_demo` (
  `id` int(11) NOT NULL AUTO_INCREMENT,
  `user_id` int(11) NOT NULL,
  `cost` float NOT NULL,
  `access_time` datetime DEFAULT NULL,
  `action` varchar(50) DEFAULT NULL,
  PRIMARY KEY (`id`)
) ENGINE=InnoDB AUTO_INCREMENT=274 DEFAULT CHARSET=latin1;
/*!40101 SET character_set_client = @saved_cs_client */;

--
-- Dumping data for table `audit_Products_demo`
--

LOCK TABLES `audit_Products_demo` WRITE;
/*!40000 ALTER TABLE `audit_Products_demo` DISABLE KEYS */;
INSERT INTO `audit_Products_demo` VALUES (1,1,40,'2016-04-19 14:22:22','after insert'),(2,1,50,'2016-04-19 14:31:52','beforer insert'),(3,1,50,'2016-04-19 14:31:52','after insert'),(4,1,120,'2016-04-19 14:36:02','before delete'),(6,4,1200,'2016-04-19 23:04:22','beforer insert'),(7,4,1200,'2016-04-19 23:04:22','after insert'),(8,7,30,'2016-05-14 19:06:22','beforer insert'),(9,7,30,'2016-05-14 19:06:22','after insert'),(10,7,500,'2017-03-07 01:18:03','before delete'),(11,7,200,'2017-03-07 01:18:03','before delete'),(12,7,100,'2017-03-07 01:18:03','before delete'),(13,3,300,'2017-03-07 01:18:03','before delete'),(14,7,306,'2017-03-07 01:18:03','before delete'),(15,3,300,'2017-03-07 01:18:03','before delete'),(16,3,300,'2017-03-07 01:18:03','before delete'),(17,6,566,'2017-03-07 01:18:03','before delete'),(18,7,1200,'2017-03-07 01:18:03','before delete'),(19,3,10,'2017-03-07 01:18:03','before delete'),(20,3,30,'2017-03-07 01:18:03','before delete'),(21,3,300,'2017-03-07 01:18:03','before delete'),(22,3,500,'2017-03-07 01:18:03','before delete'),(23,3,400,'2017-03-07 01:18:03','before delete'),(24,3,120,'2017-03-07 01:18:03','before delete'),(25,3,2000,'2017-03-07 01:18:03','before delete'),(26,4,30,'2017-03-07 01:18:03','before delete'),(27,3,40,'2017-03-07 01:18:03','before delete'),(28,1,2,'2017-03-07 01:18:03','before delete'),(29,1,4,'2017-03-07 01:18:03','before delete'),(30,4,100,'2017-03-07 01:18:03','before delete'),(31,1,60,'2017-03-07 01:18:03','before delete'),(32,4,30,'2017-03-07 01:18:03','before delete'),(33,4,150,'2017-03-07 01:18:03','before delete'),(34,4,300,'2017-03-07 01:18:03','before delete'),(35,4,1,'2017-03-07 01:18:03','before delete'),(36,4,400,'2017-03-07 01:18:03','before delete'),(37,3,2,'2017-03-07 01:18:03','before delete'),(38,4,10,'2017-03-07 01:18:03','before delete'),(39,1,400,'2017-03-07 01:18:03','before delete'),(40,4,20,'2017-03-07 01:18:03','before delete'),(41,3,600,'2017-03-07 01:18:03','before delete'),(42,3,600,'2017-03-07 01:18:03','before delete'),(43,3,600,'2017-03-07 01:18:03','before delete'),(44,3,400,'2017-03-07 01:18:03','before delete'),(45,5,300,'2017-03-07 01:18:03','before delete'),(46,1,300,'2017-03-07 01:18:03','before delete'),(47,5,30,'2017-03-07 01:18:03','before delete'),(48,1,40,'2017-03-07 01:18:03','before delete'),(49,1,40,'2017-03-07 01:18:03','before delete'),(50,5,20,'2017-03-07 01:18:03','before delete'),(51,7,1200,'2017-03-07 01:18:03','before delete'),(52,7,30,'2017-03-07 01:18:03','before delete'),(53,7,500,'2017-03-07 01:34:21','before delete'),(54,7,200,'2017-03-07 01:34:21','before delete'),(55,7,100,'2017-03-07 01:34:21','before delete'),(56,3,300,'2017-03-07 01:34:21','before delete'),(57,7,306,'2017-03-07 01:34:21','before delete'),(58,3,300,'2017-03-07 01:34:21','before delete'),(59,3,300,'2017-03-07 01:34:21','before delete'),(60,6,566,'2017-03-07 01:34:21','before delete'),(61,7,1200,'2017-03-07 01:34:21','before delete'),(62,3,10,'2017-03-07 01:34:21','before delete'),(63,3,30,'2017-03-07 01:34:21','before delete'),(64,3,300,'2017-03-07 01:34:21','before delete'),(65,3,500,'2017-03-07 01:34:21','before delete'),(66,3,400,'2017-03-07 01:34:21','before delete'),(67,3,120,'2017-03-07 01:34:21','before delete'),(68,3,2000,'2017-03-07 01:34:21','before delete'),(69,4,30,'2017-03-07 01:34:21','before delete'),(70,3,40,'2017-03-07 01:34:21','before delete'),(71,1,2,'2017-03-07 01:34:21','before delete'),(72,1,4,'2017-03-07 01:34:21','before delete'),(73,4,100,'2017-03-07 01:34:21','before delete'),(74,1,60,'2017-03-07 01:34:21','before delete'),(75,4,30,'2017-03-07 01:34:21','before delete'),(76,4,150,'2017-03-07 01:34:21','before delete'),(77,4,300,'2017-03-07 01:34:21','before delete'),(78,4,1,'2017-03-07 01:34:21','before delete'),(79,4,400,'2017-03-07 01:34:21','before delete'),(80,3,2,'2017-03-07 01:34:21','before delete'),(81,4,10,'2017-03-07 01:34:21','before delete'),(82,1,400,'2017-03-07 01:34:21','before delete'),(83,4,20,'2017-03-07 01:34:21','before delete'),(84,3,600,'2017-03-07 01:34:21','before delete'),(85,3,600,'2017-03-07 01:34:21','before delete'),(86,3,600,'2017-03-07 01:34:21','before delete'),(87,3,400,'2017-03-07 01:34:21','before delete'),(88,5,300,'2017-03-07 01:34:21','before delete'),(89,1,300,'2017-03-07 01:34:21','before delete'),(90,5,30,'2017-03-07 01:34:21','before delete'),(91,1,40,'2017-03-07 01:34:21','before delete'),(92,1,40,'2017-03-07 01:34:21','before delete'),(93,5,20,'2017-03-07 01:34:21','before delete'),(94,7,1200,'2017-03-07 01:34:21','before delete'),(95,7,30,'2017-03-07 01:34:21','before delete'),(96,3,1000,'2017-03-24 18:20:34','beforer insert'),(97,3,1000,'2017-03-24 18:20:34','after insert'),(98,7,12,'2017-04-08 12:06:41','beforer insert'),(99,7,12,'2017-04-08 12:06:41','after insert'),(100,7,22,'2017-04-18 13:49:57','beforer insert'),(101,7,22,'2017-04-18 13:49:57','after insert'),(102,3,20,'2017-04-18 21:34:45','beforer insert'),(103,3,20,'2017-04-18 21:34:45','after insert'),(104,7,100,'2017-04-19 13:57:11','beforer insert'),(105,7,100,'2017-04-19 13:57:11','after insert'),(106,3,30,'2017-04-19 15:06:30','beforer insert'),(107,3,30,'2017-04-19 15:06:30','after insert'),(108,3,400,'2017-04-22 16:42:31','beforer insert'),(109,3,400,'2017-04-22 16:42:31','after insert'),(110,3,2000,'2017-04-22 17:21:28','beforer insert'),(111,3,2000,'2017-04-22 17:21:28','after insert'),(112,7,15,'2017-04-22 20:27:11','beforer insert'),(113,7,15,'2017-04-22 20:27:11','after insert'),(114,3,121,'2017-04-23 16:13:27','beforer insert'),(115,3,121,'2017-04-23 16:13:27','after insert'),(116,7,3,'2017-04-23 16:53:19','beforer insert'),(117,7,3,'2017-04-23 16:53:19','after insert'),(118,3,300,'2017-04-24 12:30:02','beforer insert'),(119,3,300,'2017-04-24 12:30:02','after insert'),(120,7,400,'2017-04-24 13:17:03','beforer insert'),(121,7,400,'2017-04-24 13:17:03','after insert'),(122,7,15,'2017-04-25 19:17:01','beforer insert'),(123,7,15,'2017-04-25 19:17:01','after insert'),(124,7,15,'2017-04-25 19:17:14','beforer insert'),(125,7,15,'2017-04-25 19:17:14','after insert'),(126,3,2,'2017-04-26 00:07:52','beforer insert'),(127,3,2,'2017-04-26 00:07:52','after insert'),(128,7,20,'2017-04-26 11:19:51','beforer insert'),(129,7,20,'2017-04-26 11:19:51','after insert'),(130,7,50,'2017-04-27 23:16:00','beforer insert'),(131,7,50,'2017-04-27 23:16:00','after insert'),(132,7,1,'2017-05-02 09:44:02','beforer insert'),(133,7,1,'2017-05-02 09:44:02','after insert'),(134,3,1000,'2017-05-13 23:55:25','beforer insert'),(135,3,1000,'2017-05-13 23:55:25','after insert'),(136,3,6,'2018-03-06 14:12:58','beforer insert'),(137,3,6,'2018-03-06 14:12:58','after insert'),(138,3,1,'2018-03-09 09:31:45','beforer insert'),(139,3,1,'2018-03-09 09:31:45','after insert'),(140,7,12.99,'2018-03-10 15:05:13','beforer insert'),(141,7,12.99,'2018-03-10 15:05:13','after insert'),(142,3,3.2,'2018-03-12 15:23:09','beforer insert'),(143,3,3.2,'2018-03-12 15:23:09','after insert'),(144,3,21,'2018-03-12 15:52:43','beforer insert'),(145,3,21,'2018-03-12 15:52:43','after insert'),(146,3,2,'2018-03-12 16:11:27','beforer insert'),(147,3,2,'2018-03-12 16:11:27','after insert'),(148,3,8,'2018-03-12 18:24:01','beforer insert'),(149,3,8,'2018-03-12 18:24:01','after insert'),(150,3,45,'2018-03-13 11:41:08','beforer insert'),(151,3,45,'2018-03-13 11:41:08','after insert'),(152,3,120,'2018-03-23 13:08:11','beforer insert'),(153,3,120,'2018-03-23 13:08:11','after insert'),(154,3,100,'2018-03-26 14:32:50','beforer insert'),(155,3,100,'2018-03-26 14:32:50','after insert'),(156,3,5,'2018-03-26 14:55:13','beforer insert'),(157,3,5,'2018-03-26 14:55:13','after insert'),(158,3,4,'2018-03-28 11:05:49','beforer insert'),(159,3,4,'2018-03-28 11:05:49','after insert'),(160,3,5,'2018-03-28 14:50:22','beforer insert'),(161,3,5,'2018-03-28 14:50:22','after insert'),(162,3,350,'2018-03-31 10:16:39','beforer insert'),(163,3,350,'2018-03-31 10:16:39','after insert'),(164,9,30,'2018-04-04 12:02:04','beforer insert'),(165,9,30,'2018-04-04 12:02:04','after insert'),(166,9,1,'2018-04-04 14:14:41','beforer insert'),(167,9,1,'2018-04-04 14:14:41','after insert'),(168,3,5000,'2018-04-05 18:19:28','beforer insert'),(169,3,5000,'2018-04-05 18:19:28','after insert'),(170,3,900,'2018-04-05 18:28:00','beforer insert'),(171,3,900,'2018-04-05 18:28:00','after insert'),(172,3,15,'2018-04-06 10:39:18','beforer insert'),(173,3,15,'2018-04-06 10:39:18','after insert'),(174,3,99,'2018-04-08 21:02:26','beforer insert'),(175,3,99,'2018-04-08 21:02:26','after insert'),(176,3,883,'2018-04-08 22:09:53','beforer insert'),(177,3,883,'2018-04-08 22:09:53','after insert'),(178,3,3,'2018-04-10 11:05:24','beforer insert'),(179,3,3,'2018-04-10 11:05:24','after insert'),(180,3,14000,'2018-04-10 20:43:10','beforer insert'),(181,3,14000,'2018-04-10 20:43:10','after insert'),(182,3,8,'2018-04-10 21:34:50','beforer insert'),(183,3,8,'2018-04-10 21:34:50','after insert'),(184,7,3.5,'2018-04-11 06:48:27','beforer insert'),(185,7,3.5,'2018-04-11 06:48:27','after insert'),(186,3,19.99,'2018-04-11 16:18:36','beforer insert'),(187,3,19.99,'2018-04-11 16:18:36','after insert'),(188,3,200,'2018-04-11 17:11:26','beforer insert'),(189,3,200,'2018-04-11 17:11:26','after insert'),(190,7,10,'2018-04-11 18:42:06','beforer insert'),(191,7,10,'2018-04-11 18:42:06','after insert'),(192,7,8,'2018-04-11 22:55:45','beforer insert'),(193,7,8,'2018-04-11 22:55:45','after insert'),(194,3,4,'2018-04-11 23:15:16','beforer insert'),(195,3,4,'2018-04-11 23:15:16','after insert'),(196,3,50,'2018-04-12 01:06:28','beforer insert'),(197,3,50,'2018-04-12 01:06:28','after insert'),(198,3,250,'2018-04-12 12:12:47','beforer insert'),(199,3,250,'2018-04-12 12:12:47','after insert'),(200,10,11,'2018-04-12 19:51:17','beforer insert'),(201,10,11,'2018-04-12 19:51:17','after insert'),(202,3,50,'2018-04-12 20:20:05','beforer insert'),(203,3,50,'2018-04-12 20:20:05','after insert'),(204,3,99.9,'2018-04-12 20:32:08','beforer insert'),(205,3,99.9,'2018-04-12 20:32:08','after insert'),(206,10,5,'2018-04-12 21:41:30','beforer insert'),(207,10,5,'2018-04-12 21:41:30','after insert'),(208,7,19.99,'2018-04-12 22:56:03','beforer insert'),(209,7,19.99,'2018-04-12 22:56:03','after insert'),(210,7,5,'2018-04-12 23:14:51','beforer insert'),(211,7,5,'2018-04-12 23:14:51','after insert'),(212,3,600,'2018-04-13 00:26:49','beforer insert'),(213,3,600,'2018-04-13 00:26:49','after insert'),(214,3,200,'2018-04-13 00:54:36','beforer insert'),(215,3,200,'2018-04-13 00:54:36','after insert'),(216,3,100,'2018-04-13 04:05:29','beforer insert'),(217,3,100,'2018-04-13 04:05:29','after insert'),(218,10,50,'2018-04-13 04:58:54','beforer insert'),(219,10,50,'2018-04-13 04:58:54','after insert'),(220,10,50,'2018-04-13 05:58:24','beforer insert'),(221,10,50,'2018-04-13 05:58:24','after insert'),(222,10,50,'2018-04-13 05:58:43','beforer insert'),(223,10,50,'2018-04-13 05:58:43','after insert'),(224,10,50,'2018-04-13 12:44:57','beforer insert'),(225,10,50,'2018-04-13 12:44:57','after insert'),(226,9,3,'2018-04-13 17:59:24','beforer insert'),(227,9,3,'2018-04-13 17:59:24','after insert'),(228,3,1,'2018-04-13 18:39:24','beforer insert'),(229,3,1,'2018-04-13 18:39:24','after insert'),(230,3,5,'2018-04-14 00:25:05','beforer insert'),(231,3,5,'2018-04-14 00:25:05','after insert'),(232,7,111,'2018-04-14 01:11:38','beforer insert'),(233,7,111,'2018-04-14 01:11:38','after insert'),(234,9,46,'2018-04-14 01:13:43','beforer insert'),(235,9,46,'2018-04-14 01:13:43','after insert'),(236,9,56,'2018-04-14 02:28:31','beforer insert'),(237,9,56,'2018-04-14 02:28:31','after insert'),(238,3,1,'2018-04-14 02:45:17','beforer insert'),(239,3,1,'2018-04-14 02:45:17','after insert'),(240,9,6324,'2018-04-14 09:43:25','beforer insert'),(241,9,6324,'2018-04-14 09:43:25','after insert'),(242,3,50,'2018-04-14 13:30:02','beforer insert'),(243,3,50,'2018-04-14 13:30:02','after insert'),(244,3,13,'2018-04-14 14:03:03','beforer insert'),(245,3,13,'2018-04-14 14:03:03','after insert'),(246,3,1,'2018-04-14 20:10:53','beforer insert'),(247,3,1,'2018-04-14 20:10:53','after insert'),(248,3,50,'2018-04-14 21:12:23','beforer insert'),(249,3,50,'2018-04-14 21:12:23','after insert'),(250,3,3,'2018-04-14 21:15:04','beforer insert'),(251,3,3,'2018-04-14 21:15:04','after insert'),(252,3,1000,'2018-04-14 21:30:16','beforer insert'),(253,3,1000,'2018-04-14 21:30:16','after insert'),(254,7,1,'2018-04-15 21:21:56','beforer insert'),(255,7,1,'2018-04-15 21:21:56','after insert'),(256,10,1,'2018-04-21 23:05:27','beforer insert'),(257,10,1,'2018-04-21 23:05:27','after insert'),(258,10,1,'2018-04-21 23:06:23','beforer insert'),(259,10,1,'2018-04-21 23:06:23','after insert'),(260,7,45,'2018-04-24 12:46:16','beforer insert'),(261,7,45,'2018-04-24 12:46:16','after insert'),(262,10,7,'2018-05-06 00:39:08','beforer insert'),(263,10,7,'2018-05-06 00:39:08','after insert'),(264,10,7,'2018-05-11 21:35:32','beforer insert'),(265,10,7,'2018-05-11 21:35:32','after insert'),(266,10,7,'2018-05-11 23:04:48','beforer insert'),(267,10,7,'2018-05-11 23:04:48','after insert'),(268,10,6,'2018-05-11 23:12:00','beforer insert'),(269,10,6,'2018-05-11 23:12:00','after insert'),(270,10,0.01,'2018-05-12 02:29:58','beforer insert'),(271,10,0.01,'2018-05-12 02:29:58','after insert'),(272,10,0.01,'2018-05-12 02:31:27','beforer insert'),(273,10,0.01,'2018-05-12 02:31:27','after insert');
/*!40000 ALTER TABLE `audit_Products_demo` ENABLE KEYS */;
UNLOCK TABLES;

--
-- Table structure for table `t2`
--

DROP TABLE IF EXISTS `t2`;
/*!40101 SET @saved_cs_client     = @@character_set_client */;
/*!40101 SET character_set_client = utf8 */;
CREATE TABLE `t2` (
  `name` text DEFAULT NULL
) ENGINE=InnoDB DEFAULT CHARSET=latin1;
/*!40101 SET character_set_client = @saved_cs_client */;

--
-- Dumping data for table `t2`
--

LOCK TABLES `t2` WRITE;
/*!40000 ALTER TABLE `t2` DISABLE KEYS */;
/*!40000 ALTER TABLE `t2` ENABLE KEYS */;
UNLOCK TABLES;

--
-- Table structure for table `test`
--

DROP TABLE IF EXISTS `test`;
/*!40101 SET @saved_cs_client     = @@character_set_client */;
/*!40101 SET character_set_client = utf8 */;
CREATE TABLE `test` (
  `id` int(11) NOT NULL DEFAULT 0,
  `name` varchar(10) NOT NULL DEFAULT '',
  PRIMARY KEY (`id`,`name`)
) ENGINE=InnoDB DEFAULT CHARSET=latin1;
/*!40101 SET character_set_client = @saved_cs_client */;

--
-- Dumping data for table `test`
--

LOCK TABLES `test` WRITE;
/*!40000 ALTER TABLE `test` DISABLE KEYS */;
/*!40000 ALTER TABLE `test` ENABLE KEYS */;
UNLOCK TABLES;
/*!40103 SET TIME_ZONE=@OLD_TIME_ZONE */;

/*!40101 SET SQL_MODE=@OLD_SQL_MODE */;
/*!40014 SET FOREIGN_KEY_CHECKS=@OLD_FOREIGN_KEY_CHECKS */;
/*!40014 SET UNIQUE_CHECKS=@OLD_UNIQUE_CHECKS */;
/*!40101 SET CHARACTER_SET_CLIENT=@OLD_CHARACTER_SET_CLIENT */;
/*!40101 SET CHARACTER_SET_RESULTS=@OLD_CHARACTER_SET_RESULTS */;
/*!40101 SET COLLATION_CONNECTION=@OLD_COLLATION_CONNECTION */;
/*!40111 SET SQL_NOTES=@OLD_SQL_NOTES */;

-- Dump completed on 2023-05-06  1:34:54
